plot_id,plot_label,comparison_class,latitude,longitude,canopy_cover_percent,distance_to_protected_area_m,adult_tree_count_per_0.04ha_plot,adult_tree_species_richness,adult_old_growth_species_richness,adult_introduced_species_richness,adult_threatened_or_endemic_species_richness,adult_medium_large_animal_dispersed_species_richness,adult_basal_area_per_ha,adult_aboveground_carbon_per_ha,adult_mean_wood_density,adult_mean_height,regeneration_individual_count_per_0.04ha_plot,regeneration_tree_species_richness,regeneration_old_growth_species_richness,regeneration_introduced_species_richness,regeneration_threatened_or_endemic_species_richness,regeneration_medium_large_animal_dispersed_species_richness,regeneration_mean_wood_density
IPTO_04U,Iyerpadi Top,Fragment,10.35028,76.98968,35,1088.9774771178,7,3,0,0,1,0,2.9612766599035756,2.9005902925405227,0.45678919942857144,10.571428571428571,56,7,1,1,4,1,0.5491691893999999
IPTO_05U,Iyerpadi Top,Fragment,10.3502,76.98984,35,1077.00811320039,16,9,2,0,3,0,4.9879159164999995,5.339120732196876,0.491938045,14.75,47,10,4,0,5,2,0.5870370238571428
SEL1_07U,Selaliparai 1,Fragment,10.33783,76.93429,40,2041.23724032908,7,4,0,2,1,0,58.190429236937625,303.4691868576974,0.5143514588571428,31.714285714285715,20,5,1,1,1,2,0.5118583489999999
SEL2_07U,Selaliparai 2,Fragment,10.34395,76.93364,88.5,1489.54029570434,12,1,0,1,0,0,17.433484314848204,93.01603729248839,0.544,45,19,1,0,1,0,0,0.484259167
HP40_05U,Iyerpadi-Akkamalai,Fragment,10.36707,76.99002,20,578.501007462812,7,6,0,0,2,0,6.919857981956754,9.322490173650152,0.5282539367142857,13.428571428571429,68,12,6,1,6,3,0.6068222266000001
HP40_08U,Iyerpadi-Akkamalai,Fragment,10.36812,76.99062,25,492.383818262196,9,6,1,0,1,0,11.624875987110915,18.636287523633673,0.5061357712222222,11,74,11,8,1,8,3,0.601611893875
OLV2_08U,Old Valparai,Fragment,10.3517,76.93798,40,1342.40372489344,10,5,1,0,2,0,5.0913666295097295,7.290312361023829,0.4820756047,10.1,101,10,2,1,5,1,0.5055154625
OLV1_10U,Old Valparai,Fragment,10.35079,76.9368,20,1276.83055069909,2,2,0,1,0,0,5.5246659620774174,30.989692968348432,0.5141295835,24.5,11,2,0,1,0,0,0.484259167
VAR2_10U,Varattuparai 2,Fragment,10.34901,76.91976,20,62.8405178281244,0,0,0,2,0,0,0,0,,,6,3,0,2,1,0,0.484259167
VAR3_10U,Varattuparai 3,Fragment,10.34875,76.9193,20,56.6708764029106,7,1,0,1,0,0,7.8035658034744975,9.950897673414664,0.55,8,32,5,1,1,2,2,0.4521295835
VAR4_10U,Varattuparai 4,Fragment,10.3467,76.92072,75,331.590186609453,10,8,5,0,4,3,5.4980075091095255,9.039304492414658,0.5689661586,18.2,41,5,4,2,3,1,0.57403664975
IPCO_07U,Iyerpadi Top,Fragment,10.35952,76.99557,0,250.408507341901,3,3,0,1,1,0,9.002201468635338,10.452980533528475,0.4656666666666667,21,11,5,1,1,1,0,0.48064694799999996
IPCO_08U,Iyerpadi Top,Fragment,10.35956,76.99491,0,322.253771353187,5,4,1,0,1,1,12.13258025557405,20.27329263853869,0.4162,21,50,8,4,0,3,2,0.63056479175
IPTO_06U,Iyerpadi Top,Fragment,10.34976,76.98991,0,1091.16355704892,6,5,1,1,1,0,4.307727478461009,10.463298572434633,0.500828789,34.4,41,3,1,1,2,0,0.701678322
IPTO_07U,Iyerpadi Top,Fragment,10.34987,76.98985,0,1091.82154893174,1,1,0,0,0,0,0.289463052748385,0.18935349462377377,0.413,10,10,3,1,1,0,0,0.4775311293333333
THEN_10U,Thenmalai,Fragment,10.35466,76.93964,0,1417.35765455723,10,6,1,1,3,0,3.4226270511912085,3.3651136208951735,0.4472171823,11.5,28,6,2,3,3,1,0.46769204240000006
CH05_08U,Candura,Fragment,10.30674099,76.83482091,50,574.626635634193,27,11,5,3,6,2,34.0177775364617,94.28540725071957,0.4787613788518519,19.74074074074074,12,6,5,0,5,3,0.5638609689999999
CH06_09U,Candura,Fragment,10.30674617,76.83390807,75,477.956445341689,19,6,4,1,4,2,28.15311682720424,78.68285658140124,0.4228125115789474,27.736842105263158,60,21,16,0,14,9,0.56547039695
HP37_P1B,Iyerpadi-Akkamalai,Benchmark,10.3727,76.99353,85,0,24,14,12,0,8,5,82.44862671932545,454.88681534680256,0.619149772625,19.541666666666668,58,23,18,0,14,6,0.5795674263636363
HP37_P2B,Iyerpadi-Akkamalai,Benchmark,10.37457,76.99343,60,0,18,11,8,0,7,2,39.47738891555031,142.55833119474147,0.5639532828333333,13.5,67,23,17,0,13,9,0.57118766565
HP37_P3B,Iyerpadi-Akkamalai,Benchmark,10.37526,76.99171,80,0,14,6,6,0,4,2,41.93673067367781,162.17417210654733,0.5897582887142858,27.142857142857142,115,29,21,0,16,7,0.5663612346428571
HP37_P4B,Iyerpadi-Akkamalai,Benchmark,10.37456,76.99097,75,0,32,16,9,0,10,5,77.54784813416828,318.8569738125639,0.46068195228125003,17,59,18,9,0,9,5,0.5613479292
HP36_P1B,Iyerpadi-Akkamalai,Benchmark,10.36442,76.99772,80,0,19,14,12,0,8,6,54.296703554194416,248.11551754793757,0.5891231308947368,22.894736842105264,152,25,17,0,14,9,0.5939605679166667
HP36_P2B,Iyerpadi-Akkamalai,Benchmark,10.3638,76.99726,75,0,6,5,4,0,3,2,23.659973840041143,108.78659150589039,0.5819792015,30.666666666666668,170,24,16,0,17,8,0.5634265850869565
HP36_P3B,Iyerpadi-Akkamalai,Benchmark,10.36657,76.99734,65,0,24,14,10,0,8,7,107.61679258884121,477.282436391464,0.5577603390833333,16.5,153,28,18,0,16,11,0.5859459398888889
HP36_P4B,Iyerpadi-Akkamalai,Benchmark,10.36889,76.99519,70,0,17,15,10,0,10,7,50.804645159079385,235.05758828005293,0.5630316608823529,18.705882352941178,190,17,12,0,9,6,0.5530531200000001
OLCA_P1B,Old Kavarkal,Benchmark,10.37132,76.97489,70,104.703123194378,14,8,6,0,4,3,60.41581322872007,342.01966402778555,0.5582962415,21.692307692307693,45,14,10,0,9,3,0.6612757731538461
OLCA_P2B,Old Kavarkal,Benchmark,10.37068,76.97376,55,89.9483663114964,12,5,4,0,2,1,44.305553057921834,209.671806813243,0.6009456826666667,16.333333333333332,33,9,6,0,4,2,0.62228732675
UPMA_P1B,Manamboli,Benchmark,10.3477,76.89621,75,0,12,8,6,0,5,1,97.19632163357811,602.9456045118595,0.639404965,21.5,59,18,15,1,15,5,0.5944766937857143
UPMA_P2B,Manamboli,Benchmark,10.34762,76.89461,70,0,15,9,6,1,6,2,37.23390104899118,136.79701644243522,0.5413224612,20.466666666666665,141,25,20,1,20,9,0.6001146267
UPMA_P3B,Manamboli,Benchmark,10.34778,76.89386,80,0,18,10,7,0,8,4,51.894657575579984,252.62813987989645,0.5633462268888889,32.35294117647059,90,9,7,1,7,1,0.6627397602857144
UPMA_P4B,Manamboli,Benchmark,10.34822,76.89232,80,0,21,16,15,0,12,4,40.478075620240624,226.70037971570514,0.5730559609047619,21.095238095238095,62,21,20,1,15,12,0.6110573522105264
UPMA_P5B,Manamboli,Benchmark,10.3486,76.89059,75,0,31,15,12,0,11,6,45.32792462360841,176.73211417126942,0.6202793454193548,28.766666666666666,72,16,12,1,12,5,0.6209154573333334
STM2_04U,Stanmore,Fragment,10.32936,76.93313,5,2682.61101135183,6,3,0,1,1,0,6.767865011303982,20.34895716232594,0.5466198965000001,32.666666666666664,10,2,0,0,0,0,0.484259167
STM1_02U,Stanmore,Fragment,10.3301,76.93306,5,2611.7445973629,6,5,3,0,2,3,11.909763335245401,20.04094292235409,0.509484327,19.333333333333332,1,1,0,1,1,0,
STIN_02U,Stanmore,Fragment,10.32914,76.93286,10,2685.03467066891,4,3,0,1,0,0,4.046713371790315,14.740317322243154,0.45025000000000004,34,7,3,0,3,1,0,0.46261531566666664
INOA_03U,Injipara,Fragment,10.32413,76.92426,20,2797.98637599789,8,1,0,1,0,0,26.653479375920845,124.0607111661413,0.544,45,11,2,0,2,0,0,0.5141295835
INBS_04U,Injipara,Fragment,10.32487,76.92616,5,2774.72947638802,11,1,0,1,0,0,4.143201056039758,10.13081253699944,0.544,45,15,3,0,2,1,0,0.549239793
INDS_03U,Injipara,Fragment,10.32414,76.92998,85,3002.85561010353,16,10,2,3,2,2,59.067571917052874,227.17633639942255,0.44585836562500003,23.1875,48,11,3,1,6,4,0.4473059254444444
INME_03U,Injipara,Fragment,10.32322,76.92351,45,2879.04402693019,11,6,0,2,3,0,22.921295960415904,92.8734598265792,0.5205832745454546,22.363636363636363,88,16,6,2,8,4,0.5553688919166667
PANM_P1B,Pannimade,Fragment,10.29779,76.8932,95,3126.02211159522,21,9,7,0,4,3,55.72870015466373,271.1684057215187,0.571319142,15.380952380952381,65,14,10,0,9,5,0.6208268452000001
PANM_P2B,Pannimade,Fragment,10.29697,76.89266,85,3021.3605175146,21,9,6,0,4,2,75.20468948449789,411.6733983957343,0.6002404456190477,16.428571428571427,24,11,7,0,8,5,0.5254405625
PANM_P3B,Pannimade,Fragment,10.29629,76.89201,100,2928.18279888063,20,10,7,0,6,3,19.94804090160788,51.414557154655625,0.56360817515,12.8,21,10,7,0,6,4,0.6275188704444444
PANM_P4B,Pannimade,Fragment,10.29793,76.89453,38,3189.67913704643,10,7,6,0,5,3,41.34624792987584,301.08893000091825,0.6388238395,22.77777777777778,50,13,7,2,7,3,0.5568809293333333
UPMA_P6B,Manamboli,Benchmark,10.34717,76.89074,100,48.3987242615618,23,17,17,0,12,8,108.61656216317192,449.43198993158376,0.6255299206086956,26.869565217391305,63,14,11,1,12,5,0.6058819015333333
PTTM_P1D,Puthuthottam,Fragment,10.33952,76.96782,75,2748.68634240037,26,5,2,2,2,0,54.18131622045278,188.3143140933836,0.3708461538461539,29.8,39,9,2,3,5,0,0.561906377625
PTTM_P2D,Puthuthottam,Fragment,10.33872,76.96769,90,2831.87572868572,19,7,4,3,2,2,72.17199204388179,331.5661744978729,0.41487817226315793,27.68421052631579,160,12,7,2,7,4,0.5861456032727272
SIRK_P1D,Sirikundra,Fragment,10.31167,76.95877,100,3171.2257226918,40,7,0,1,2,0,39.550401245693735,160.84197338219872,0.5400684489249999,23.225,48,6,1,0,5,1,0.5837018864
SIRK_P2D,Sirikundra,Fragment,10.31081,76.95982,95,3021.97259669545,39,5,0,2,1,0,33.00316477425088,136.06882258009577,0.5377142176410257,23.142857142857142,38,4,1,1,1,1,0.502779263
SIRK_P3D,Sirikundra,Fragment,10.31213,76.95985,100,3112.57924459222,48,5,1,1,1,1,34.83981281753136,155.1258876878407,0.5352702011666667,18.916666666666668,39,10,2,1,5,2,0.59158596925
OLCA_P3B,Old Kavarkal,Benchmark,10.37043,76.97517,99,207.600652412477,8,4,2,0,2,1,42.637565486709406,190.58523102032788,0.532992215,19.625,24,14,12,0,8,4,0.5981207229230769
OLCA_P4B,Old Kavarkal,Benchmark,10.36989,76.97445,97,205.359472409318,16,4,3,0,3,2,67.06990632895476,299.2799215410706,0.5456836075,11.8125,29,13,7,0,9,3,0.5664130355454545
OLCA_P5B,Old Kavarkal,Benchmark,10.36953,76.97558,66,314.893531615907,13,11,5,0,4,1,70.43506451963222,289.8577435140076,0.5284961297692308,21,50,19,14,0,8,4,0.641674893
J07,Candura,Fragment,10.30804,76.83481,35,556.833845732646,10,4,1,0,4,0,29.36925953610519,96.12761681697518,0.5515014408,21.8,9,2,2,0,2,1,0.5760000000000001
L17,Candura,Fragment,10.3167,76.83305,85,134.115059454284,9,6,3,1,1,2,13.044538079490628,26.518728710605817,0.42368651944444446,25.88888888888889,48,12,4,1,7,2,0.5214290233636364
L16,Candura,Fragment,10.31579,76.83305,95,165.26886912626,11,3,0,1,0,0,16.68958416365275,35.63566711068179,0.3532835352727273,28.181818181818183,96,19,10,2,12,7,0.5207287690588235
M17,Candura,Fragment,10.3167,76.83214,95,39.7347952768938,12,6,1,2,1,0,9.979213875540701,16.987440058762846,0.5036229626666667,15,32,10,4,2,5,3,0.544876459375
N14,Candura,Fragment,10.31399,76.83121,95,33.6508967771763,9,8,5,0,5,3,17.784371228446098,53.87563785825874,0.6440715004444445,21,171,24,14,2,15,7,0.5394720591666667
K13,Candura,Fragment,10.31307,76.83395,90,350.529794364171,14,8,5,1,3,3,54.77973880647834,138.67933366721257,0.3888362008571429,22.384615384615383,33,4,1,1,3,0,0.5491582963333334
K15,Candura,Fragment,10.31488,76.83396,85,290.803430687741,11,8,2,3,3,2,25.624741612510615,54.30037713456917,0.49472647063636366,24.9,111,15,5,2,6,5,0.5324429380714285
K11,Candura,Fragment,10.31127,76.83393,85,398.844106446547,18,11,4,3,5,2,44.03737697881196,176.85967259463075,0.3881390023333333,19,34,12,7,1,8,3,0.5008710445833333
N10,Candura,Fragment,10.31038,76.83119,95,129.649091477805,10,7,4,1,6,2,21.30368490756566,60.544033615806015,0.48567299980000006,17.8,22,6,4,0,4,2,0.5364994556666667
L12,Candura,Fragment,10.31217,76.83302,80,278.813911437667,21,11,3,1,5,3,35.68114563545089,113.39549661567585,0.462034559,24.904761904761905,126,19,12,1,11,7,0.5315984137777777
L09,Candura,Fragment,10.30946,76.83301,100,347.167803866922,9,8,3,3,2,0,12.658786286171624,25.09427129659966,0.5029444444444445,18,143,30,21,0,21,13,0.5534293644827586
K08,Candura,Fragment,10.30855,76.83392,90,460.343625779737,25,10,6,1,7,2,31.818057279252837,99.28187647500182,0.42042670544000005,17.4,42,6,3,0,3,1,0.5035791481666667
L07,Candura,Fragment,10.30766,76.833,90,360.282451266986,21,9,4,1,5,2,23.69399320912705,96.53678920139629,0.46091906914285713,18.952380952380953,101,28,17,2,21,13,0.5499001764615385
J06,Candura,Fragment,10.30674,76.83482,60,574.556009386181,27,11,4,3,4,1,58.67406132025816,200.33416147876352,0.4348580351111111,22.48148148148148,38,17,9,0,11,7,0.499996669882353
F03,Candura,Fragment,10.30401,76.83846,75,430.510383427721,14,4,2,0,1,0,14.001059287472902,28.17457135273511,0.35650000000000004,15.214285714285714,71,18,11,0,9,9,0.5144109753333334
L05,Candura,Fragment,10.30585,76.83299,NA,417.985197760979,24,10,6,1,4,5,42.315320494557696,137.10139273343611,0.4131808342916667,27,140,23,15,0,17,9,0.5562462419545455
E04,Candura,Fragment,10.30491,76.83938,65,549.58985814229,28,6,3,0,2,0,47.56305685565519,112.88432865228263,0.36538573446428574,19.678571428571427,23,7,4,0,5,1,0.5744773372857143
D02,Candura,Fragment,10.30309,76.84028,65,407.232093926357,14,11,5,1,5,2,90.90592145154993,355.3914971516167,0.4350549873571429,26.428571428571427,127,13,6,0,7,5,0.5805435450833333
J12,Candura,Fragment,10.31216,76.83845,80,850.776754762998,21,7,0,4,3,0,21.077883832054027,47.89632581668868,0.43301928723809524,24.047619047619047,47,15,7,1,7,4,0.48971772413333337
N12,Candura,Fragment,10.31219,76.8312,100,84.3507674303588,18,12,9,1,9,3,39.216175865200746,155.097750945834,0.5556296064444445,20.88888888888889,127,14,8,1,13,3,0.6176003660833334
M12,Candura,Fragment,10.31218,76.83211,80,181.582345096483,33,11,5,1,5,3,33.54906622905609,84.55818647390004,0.48232472833333334,11.090909090909092,104,21,13,1,13,8,0.528508735
K12,Candura,Fragment,10.31217,76.83394,75,376.854965238744,13,9,5,1,4,2,11.549078445463385,40.342758292757445,0.4549499236153846,17.1,80,11,6,2,7,3,0.5365212224
N13,Candura,Fragment,10.31309,76.82121,100,61.2967736703455,11,10,6,0,6,1,28.24681929994958,104.88749018673977,0.48234845454545455,20.818181818181817,153,27,18,1,20,5,0.5491035702
L14,Candura,Fragment,10.31398,76.83304,70,224.994761026536,16,8,1,4,3,1,39.86513014565792,87.64037405462928,0.440956237875,25.3125,31,11,4,1,5,2,0.5087059874545455
K14,Candura,Fragment,10.31398,76.83395,90,319.976885670875,16,12,3,2,2,2,22.085135678146848,38.76614077591998,0.47640108543750004,20.125,4,3,0,0,1,0,0.5239229734999999
M14,Candura,Fragment,10.31399,76.83212,100,128.63309688024,18,10,1,1,4,2,21.01760389735796,45.85849590533934,0.44721773383333335,14.555555555555555,122,16,9,1,13,5,0.5786687943333334
M13,Candura,Fragment,10.31308,76.83212,100,159.185426661792,11,7,3,2,2,3,21.52689971525201,81.89248313061177,0.4238063792727273,24.272727272727273,81,17,10,1,13,5,0.5470708009375
L13,Candura,Fragment,10.31308,76.83303,80,254.167875797032,13,7,1,3,2,0,16.281202526862877,36.48182443753165,0.38823991446153844,25.818181818181817,633,1,0,1,1,0,
N11,Candura,Fragment,10.31128,76.8312,65,107.66086678758,9,6,2,2,3,0,7.571199586560322,16.375403159022163,0.44318951866666667,24,160,15,10,1,11,4,0.5123556827142857
M11,Candura,Fragment,10.31128,76.83211,95,204.636576283342,23,10,4,2,7,1,17.669779669419963,43.451363331425135,0.5135196730869566,16.954545454545453,82,17,12,1,11,5,0.567666409
L11,Candura,Fragment,10.31127,76.83302,100,301.868429124934,17,9,3,1,5,2,28.129641473098175,91.40515810035761,0.43350417288235293,24.875,264,15,8,2,8,2,0.5347269955714286
J11,Candura,Fragment,10.31126,76.83485,75,497.141600062697,19,7,1,3,4,0,12.358779218443395,19.98351073536026,0.4247027918947368,18.9375,30,6,3,1,5,1,0.5068617674
B02,Candura,Fragment,10.30308,76.8421,70,543.363052022858,12,6,3,1,3,3,13.612323338970942,24.783046427367736,0.40858333333333335,24,12,3,0,2,2,0,0.523153404
C02,Candura,Fragment,10.30309,76.84119,95,472.543147969207,22,8,3,2,2,2,81.41153332140286,220.1351452376694,0.4419686136363636,22.272727272727273,26,9,2,1,4,2,0.5038641393333333
E02,Candura,Fragment,10.3031,76.83936,100,358.724830240608,22,10,3,2,4,1,29.066069369515095,79.49571640420747,0.44944909818181816,20.818181818181817,25,11,5,1,6,2,0.5171540161818181
F02,Candura,Fragment,10.3031,76.83845,90,331.836583395017,12,4,1,1,1,0,15.39227243377494,36.79613192926318,0.35125,23.166666666666668,10,4,2,1,3,0,0.50917984475
C01,Candura,Fragment,10.3021,76.84118,85,396.047823529765,10,4,0,2,1,0,19.78833090565194,48.442484174584,0.4108923108,17.9,20,8,1,3,2,0,0.5342915848571429
B01,Candura,Fragment,10.30218,76.8421,90,481.994241303218,7,5,2,2,1,1,13.46808917179391,42.96198701938504,0.4129506785714286,29.285714285714285,73,8,3,0,5,2,0.507171766125
A01,Candura,Fragment,10.30217,76.84301,100,553.04795810372,23,4,0,2,0,0,41.26111794025274,119.51608906088387,0.45891304347826084,18.47826086956522,7,3,0,1,2,1,0.5738200706666666
H03,Candura,Fragment,10.30402,76.83663,75,335.06864490863,19,8,4,1,4,2,28.73343553845306,75.13779002286712,0.4080798879473684,20.789473684210527,7,6,3,0,3,2,0.4866624656666667
G03,Candura,Fragment,10.30401,76.83754,75,385.341128644253,15,8,2,2,3,1,33.85603632554456,106.78499869584688,0.42939880059999996,25.266666666666666,34,12,5,1,8,2,0.49892626215384617
E03,Candura,Fragment,10.304,76.83937,65,452.620928882981,19,11,5,2,5,2,78.21629889515415,281.72630996190816,0.4502031764210527,20.22222222222222,78,15,7,1,7,6,0.5054185002857142
D03,Candura,Fragment,10.304,76.84028,25,492.391368606982,7,5,2,2,2,1,24.499118277493217,59.50388735394074,0.4328602635714286,27.857142857142858,12,4,1,1,1,1,0.5424867373333333
C03,Candura,Fragment,10.30399,76.8412,50,547.447034110481,17,7,2,1,3,1,27.76557454077545,53.68364264053716,0.3858823529411765,17.941176470588236,25,9,2,1,4,2,0.507662449125
I03,Candura,Fragment,10.30402,76.83572,100,306.681008456588,45,11,5,0,6,2,35.36661567916552,78.48538192594994,0.3823332728,15.511111111111111,48,17,10,0,11,6,0.5001118558125
H04,Candura,Fragment,10.30492,76.83664,90,428.399167260158,23,12,6,2,5,4,26.908326228546738,66.04334650899561,0.41988513917391307,18.608695652173914,95,24,13,1,12,6,0.516070193875
G04,Candura,Fragment,10.30492,76.83755,90,469.721231475536,4,3,2,1,1,1,14.770175549964476,54.405088387865,0.5959136875,19,21,8,3,0,4,2,0.575798047
F04,Candura,Fragment,10.30491,76.83846,55,526.049750911913,8,7,3,1,2,1,18.295855426807666,39.88875795495941,0.43370979025,29.5,14,4,0,0,3,0,0.53557653975
G07,Candura,Fragment,10.30763,76.83756,100,744.669387204099,20,7,2,2,3,0,33.81346237826749,102.71910944378327,0.3736839161,27.35,58,11,5,1,3,4,0.49214070245454544
F05,Candura,Fragment,10.30582,76.83847,60,607.571786758768,12,7,2,1,3,0,15.018457261187839,29.404599496254207,0.3965,18.916666666666668,87,14,8,0,8,5,0.515250041
G05,Candura,Fragment,10.30582,76.83755,90,558.049570192316,15,10,3,1,4,3,23.485102346318932,81.75979891285559,0.4399528744666667,17.933333333333334,22,8,3,0,4,3,0.575798047
G06,Candura,Fragment,10.30673,76.83756,50,651.063035430502,14,9,1,1,5,2,28.118500627081744,72.23530788519494,0.4705201352857143,15.928571428571429,44,9,3,1,7,4,0.524721714
L06,Candura,Fragment,10.30765,76.833,65,360.393432294476,9,6,2,0,5,1,19.016031544298503,50.43096460357172,0.5393137295555556,22.88888888888889,40,11,8,2,9,2,0.5852568723
H07,Candura,Fragment,10.30763,76.83665,70,718.713189118681,15,12,4,3,6,4,23.084031889727356,48.71856524761457,0.4517321371333333,18.066666666666666,4,4,2,0,2,1,0.426112972
I06,Candura,Fragment,10.30674,76.83573,100,602.499442745131,39,8,1,3,2,1,37.50108240970669,81.67943277020696,0.5054383244358974,15.820512820512821,12,9,5,0,5,3,0.5293497682222222
L04,Candura,Fragment,10.30494,76.83298,100,328.856440467545,21,10,4,1,5,5,30.45628779742284,97.14060277953108,0.40892394804761906,20.428571428571427,124,22,11,0,13,9,0.5556836355454545
K05,Candura,Fragment,10.30584,76.8339,100,450.336878335126,20,9,5,1,3,3,30.5714761874856,94.71060527890357,0.44877994675000005,18.9,60,15,8,1,10,6,0.5472925909333333
J05,Candura,Fragment,10.30584,76.83482,90,493.051286400672,27,11,3,2,4,2,35.20089559467108,88.5319799407733,0.41819384629629636,20.962962962962962,23,6,4,0,5,1,0.5124087558333333
K04,Candura,Fragment,10.30494,76.8339,100,357.958834478972,22,13,6,1,7,3,75.88109799263827,271.8889509306195,0.4824108219545455,22.227272727272727,131,20,11,1,16,7,0.5800061624210526
J04,Candura,Fragment,10.30493,76.83481,95,396.88505504693,18,10,4,0,3,2,52.52511009390277,180.549905515455,0.4429131487222222,29.38888888888889,60,10,4,0,7,3,0.5237425607999999
I05,Candura,Fragment,10.30583,76.83573,NA,502.973691278326,25,11,4,3,4,2,40.54691013312785,113.66052768241718,0.47019498332,17.88,67,12,8,0,7,5,0.5570589995833334
H08,Candura,Fragment,10.30854,76.83666,100,759.706251592859,29,10,2,3,1,1,23.894926324780563,52.33577700378492,0.39489837772413794,24.178571428571427,6,3,2,0,3,1,0.519730106
J08,Candura,Fragment,10.30847,76.83483,NA,559.857201479907,31,7,4,2,3,2,31.524615352927178,78.0889272495348,0.44183870967741934,18.903225806451612,38,9,5,2,6,2,0.5026010282222222
M08,Candura,Fragment,10.30856,76.83209,NA,259.927158638808,17,7,4,1,5,2,12.702752839200759,24.815104920482618,0.43609088417647063,20.235294117647058,13,8,5,0,5,3,0.5141382058571429
M07,Candura,Fragment,10.30766,76.83209,85,261.269609476863,21,11,7,1,8,3,19.515380178249345,45.61625254423879,0.4835542159047619,20.714285714285715,48,12,8,1,9,4,0.568113034
L08,Candura,Fragment,10.30856,76.83301,75,360.692812837862,14,9,2,2,3,1,12.18967709140828,26.036719722059903,0.4200328722857143,18.785714285714285,69,21,14,1,13,7,0.5021367162857143
K07,Candura,Fragment,10.30765,76.83391,NA,459.673604917518,27,9,6,1,5,4,68.89081394836347,303.63189726656447,0.39196555985185183,25.037037037037038,103,23,17,1,18,10,0.5959630690454545
N08,Candura,Fragment,10.30857,76.83118,NA,160.27646448662,26,3,2,1,2,0,22.64078537321643,57.529427180831085,0.3559492952692308,29.53846153846154,97,18,13,2,13,8,0.5465130722352941
A02,Candura,Fragment,10.30308,76.84302,NA,621.601832664319,12,6,0,3,0,0,31.496763237886093,72.04384050258533,0.4074166666666667,22.25,17,2,0,1,1,0,0.5518596895
M10,Candura,Fragment,10.31037,76.8321,100,226.881245451144,18,13,6,1,6,3,27.84137208242299,89.48663578259061,0.4663128381111112,19,117,16,11,1,13,6,0.5598032375333334
L10,Candura,Fragment,10.31037,76.83302,100,324.922897696857,14,10,6,0,6,1,38.7436846278967,158.97870370343728,0.4914953330714286,23.785714285714285,60,19,10,1,12,5,0.5401220161111111
K10,Candura,Fragment,10.31036,76.83393,NA,422.155025721754,14,8,4,1,3,3,38.56165116173534,115.53687937518711,0.41788081035714286,27.285714285714285,25,12,5,0,9,2,0.5601033325833333
K09,Candura,Fragment,10.30946,76.83392,80,444.144058606728,24,11,2,2,5,2,36.97965102740189,87.23067158384072,0.40837013833333335,15.25,21,7,5,0,7,3,0.5116630542857143
M09,Candura,Fragment,10.30947,76.8321,75,249.935374755072,17,7,3,1,4,0,11.309152368752349,23.649609283808207,0.4681052507058824,16.941176470588236,14,5,1,1,2,0,0.47032029140000003
N09,Candura,Fragment,10.30947,76.83119,100,152.959087868595,22,9,7,1,6,1,29.280132767973704,109.03395379120863,0.4803215965,27.90909090909091,77,24,18,0,19,10,0.54382727705
O08,Candura,Fragment,10.30857,76.83027,65,60.6062012770339,15,8,5,1,6,1,18.46157551130213,53.30679916650093,0.43142280373333336,22.066666666666666,17,9,3,1,4,1,0.5104412036666667
AGO_01U,TATA AG Office,Fragment,10.34759,76.93575,62,1343.80543665657,8,2,0,2,0,0,13.749793421066576,55.20955163350242,0.5685,40.875,7,2,0,2,1,0,0.63
AGO_02U,TATA AG Office,Fragment,10.34684,76.93464,44,1384.40923423636,11,1,0,1,0,0,47.72997060222283,246.62237832480963,0.544,45,4,2,0,1,0,0,0.484259167
AGO_03U,TATA AG Office,Fragment,10.3453,76.93373,86,1350,14,1,0,1,0,0,66.3918823981419,401.4806537316054,0.544,45,30,2,0,0,0,0,0.484259167
