No,Species,Habitat,Habit
1,Blyth's Reed-Warbler,OC,SHR
2,Common Tailorbird,OC,SHR
3,Red-whiskered Bulbul,OC,MID
4,Oriental White-Eye,RF,CAN
5,Eurasian Hoopoe,OC,TER
6,Greenish Warbler,RF,CAN
7,Gray Wagtail,RF,TER
8,Spotted Dove,OC,TER
9,Purple Sunbird,OC,CAN
10,Golden-fronted Leafbird,RF,CAN
11,Small Minivet,OC,CAN
12,Large-billed Crow,OC,TER
13,Oriental Magpie-Robin,OC,TER
14,Gray Junglefowl,RF,TER
15,Dusky Crag-Martin,OC,AER
16,Jungle Myna,OC,TER
17,Pied Bushchat,OC,TER
18,Plum-headed Parakeet,OC,CAN
19,Long-tailed Shrike,OC,TER
20,Orange Minivet,RF,CAN
21,White-cheeked Barbet,RF,CAN
22,Indian Pond-Heron,OC,AQU
23,Greater Coucal,OC,SHR
24,Indian Scimitar-Babbler,RF,SHR
25,Malabar Whistling-Thrush,RF,TER
26,Indian Pitta,RF,TER
27,Brown Shrike,OC,TER
28,Chestnut-headed Bee-eater,OC,AER
29,Streak-throated Woodpecker,OC,MID
30,Rufous Babbler,RF,SHR
31,Black-rumped Flameback,OC,MID
32,Black-shouldered Kite,OC,TER
33,Ashy Drongo,RF,CAN
34,Red Spurfowl,RF,TER
35,Vernal Hanging-Parrot,RF,CAN
36,Red-vented Bulbul,OC,MID
37,Ashy Woodswallow,OC,AER
38,Little Cormorant,OC,AQU
39,Common Kingfisher,OC,AQU
40,White-throated Kingfisher,OC,AQU
41,Intermediate Egret,OC,AQU
42,Thick-billed Warbler,OC,SHR
43,House Crow,OC,TER
44,Ashy Prinia,OC,SHR
45,Cattle Egret,OC,AQU
46,White-breasted Waterhen,OC,AQU
47,Crested Serpent-Eagle,RF,CAN
48,House Sparrow,OC,TER
49,Indian Peafowl,OC,TER
50,Common Buzzard,OC,CAN
51,Red-rumped Swallow,OC,AER
52,Indian Golden Oriole,OC,CAN
53,Indian Blackbird,RF,CAN
54,Common Rosefinch,OC,CAN
55,Nilgiri Flowerpecker,RF,CAN
56,Malabar Parakeet,RF,CAN
57,Velvet-fronted Nuthatch,RF,CAN
58,Gray-breasted Prinia,OC,SHR
59,Indian Tit,RF,CAN
60,Puff-throated Babbler,RF,TER
61,Asian Brown Flycatcher,OC,MID
62,Indian Blue Robin,RF,TER
63,Southern Hill Myna,RF,CAN
64,Orange-headed Thrush,RF,TER
65,Malabar Barbet,RF,CAN
66,Brown-capped Woodpecker,OC,CAN
67,Chestnut-tailed Starling,OC,CAN
68,Crimson-backed Sunbird,RF,CAN
69,Yellow-browed Bulbul,RF,MID
70,Greater Racket-tailed Drongo,RF,CAN
71,Indian Swiftlet,RF,AER
72,Gray-fronted Green-Pigeon,RF,CAN
73,Common Iora,OC,MID
74,Red-breasted Flycatcher,OC,SHR
75,Malabar Gray Hornbill,RF,CAN
76,Asian Fairy-Bluebird,RF,CAN
77,Large-billed Leaf Warbler,RF,SHR
78,Greater Flameback,RF,CAN
79,Emerald Dove,RF,TER
80,Bar-winged Flycatcher-Shrike,RF,CAN
81,Bronzed Drongo,RF,MID
82,Legge's Hawk-Eagle,RF,CAN
83,Little Spiderhunter,RF,MID
84,Great Hornbill,RF,CAN
85,Gray-headed Canary-Flycatcher,RF,MID
86,Brown-breasted Flycatcher,RF,SHR
87,Asian Paradise-Flycatcher,RF,MID
88,White-bellied Blue-Flycatcher,RF,SHR
89,Forest Wagtail,RF,TER
90,Rusty-tailed Flycatcher,RF,CAN
91,Mountain Imperial-Pigeon,RF,CAN
92,Malabar Trogon,RF,MID
93,Dark-fronted Babbler,RF,SHR
94,Square-tailed Bulbul,RF,CAN
95,Nilgiri Flycatcher,RF,CAN
96,Speckled Piculet,RF,CAN
97,Black-and-rufous Flycatcher,RF,SHR
98,Brown-cheeked Fulvetta,RF,MID
99,Black-throated Munia,RF,SHR
100,Verditer Flycatcher,RF,CAN
101,Besra,RF,CAN
102,Black-naped Monarch,RF,MID
103,Common Flameback,RF,MID
