id,lat,lon,species,year,dataset
6131653856,12.942295,77.586825,Argiope aemula,2026,iNaturalist research-grade observations
6133244383,12.830187,77.59362,Argiope aemula,2026,iNaturalist research-grade observations
6133395790,13.046176,77.50138,Argiope aemula,2026,iNaturalist research-grade observations
6159266969,13.147694,77.476894,Argiope aemula,2026,iNaturalist research-grade observations
6184922980,12.846268,77.777412,Argiope aemula,2026,iNaturalist research-grade observations
6334679821,11.51262,77.747663,Argiope aemula,2026,iNaturalist research-grade observations
6352961090,12.887173,77.696646,Argiope aemula,2026,iNaturalist research-grade observations
6353342959,11.562926,77.77414,Argiope aemula,2026,iNaturalist research-grade observations
6399036169,11.692369,78.19919,Argiope aemula,2026,iNaturalist research-grade observations
6399724997,12.887163,77.696608,Argiope aemula,2026,iNaturalist research-grade observations
6399840645,12.88719,77.696603,Argiope aemula,2026,iNaturalist research-grade observations
6400083507,12.355915,76.583123,Argiope aemula,2026,iNaturalist research-grade observations
6413944348,12.307855,76.593513,Argiope aemula,2026,iNaturalist research-grade observations
5037027986,12.896119,77.595278,Argiope aemula,2025,iNaturalist research-grade observations
5063350959,11.098999,76.775443,Argiope aemula,2025,iNaturalist research-grade observations
5908657064,11.535538,77.259911,Argiope aemula,2025,iNaturalist research-grade observations
5063837735,12.6202,78.033734,Argiope aemula,2025,iNaturalist research-grade observations
5104462806,13.042265,77.551791,Argiope aemula,2025,iNaturalist research-grade observations
5844018194,12.96075,77.308862,Argiope aemula,2025,iNaturalist research-grade observations
5176607769,12.814641,77.60017,Argiope aemula,2025,iNaturalist research-grade observations
5177195625,11.669726,76.061642,Argiope aemula,2025,iNaturalist research-grade observations
5198426400,12.882315,79.232202,Argiope aemula,2025,iNaturalist research-grade observations
5230422881,13.067778,77.578772,Argiope aemula,2025,iNaturalist research-grade observations
5231252897,13.425859,77.505462,Argiope aemula,2025,iNaturalist research-grade observations
5292728273,13.280811,77.185364,Argiope aemula,2025,iNaturalist research-grade observations
5838142795,13.433549,77.502304,Argiope aemula,2025,iNaturalist research-grade observations
5230275938,12.891503,77.592306,Argiope aemula,2025,iNaturalist research-grade observations
5230379982,12.901994,77.595745,Argiope aemula,2025,iNaturalist research-grade observations
5237555140,12.89485,77.592708,Argiope aemula,2025,iNaturalist research-grade observations
5237897599,12.950202,77.57333,Argiope aemula,2025,iNaturalist research-grade observations
5844256747,12.950145,77.586878,Argiope aemula,2025,iNaturalist research-grade observations
5291927034,13.081776,77.580232,Argiope aemula,2025,iNaturalist research-grade observations
5292969218,12.834292,77.593733,Argiope aemula,2025,iNaturalist research-grade observations
5293046830,11.710019,78.188818,Argiope aemula,2025,iNaturalist research-grade observations
5760030386,12.86084,77.599154,Argiope aemula,2025,iNaturalist research-grade observations
5761134482,12.850275,77.608768,Argiope aemula,2025,iNaturalist research-grade observations
5827661902,13.076595,77.56642,Argiope aemula,2025,iNaturalist research-grade observations
5828670803,11.006553,77.071317,Argiope aemula,2025,iNaturalist research-grade observations
5828734984,13.057864,77.639758,Argiope aemula,2025,iNaturalist research-grade observations
5840373383,13.137226,77.57801,Argiope aemula,2025,iNaturalist research-grade observations
5890056330,13.079334,77.572807,Argiope aemula,2025,iNaturalist research-grade observations
5892597048,13.130651,77.546502,Argiope aemula,2025,iNaturalist research-grade observations
5839918854,12.8343,77.582611,Argiope aemula,2025,iNaturalist research-grade observations
5868136856,12.303439,76.685475,Argiope aemula,2025,iNaturalist research-grade observations
5868220417,12.254551,76.674899,Argiope aemula,2025,iNaturalist research-grade observations
5868402935,11.311869,77.3632,Argiope aemula,2025,iNaturalist research-grade observations
5889732477,12.343311,76.650946,Argiope aemula,2025,iNaturalist research-grade observations
5890204015,12.377578,76.66203,Argiope aemula,2025,iNaturalist research-grade observations
6147320653,12.778442,77.572028,Argiope aemula,2025,iNaturalist research-grade observations
5890308106,12.846467,77.776995,Argiope aemula,2025,iNaturalist research-grade observations
5893000385,12.840953,77.587935,Argiope aemula,2025,iNaturalist research-grade observations
5897178541,13.077348,77.577808,Argiope aemula,2025,iNaturalist research-grade observations
5897340845,11.526991,76.028608,Argiope aemula,2025,iNaturalist research-grade observations
5908714752,12.377608,76.662032,Argiope aemula,2025,iNaturalist research-grade observations
5935190462,12.929985,77.465327,Argiope aemula,2025,iNaturalist research-grade observations
6133193796,12.477133,77.256303,Argiope aemula,2025,iNaturalist research-grade observations
5932774788,11.53258,76.03095,Argiope aemula,2025,iNaturalist research-grade observations
5932784677,12.930855,77.632042,Argiope aemula,2025,iNaturalist research-grade observations
5938548611,11.098111,77.214516,Argiope aemula,2025,iNaturalist research-grade observations
4600082885,12.311944,76.637222,Argiope aemula,2024,iNaturalist research-grade observations
4855374387,13.366157,77.102189,Argiope aemula,2024,iNaturalist research-grade observations
4875410472,12.18479,76.721365,Argiope aemula,2024,iNaturalist research-grade observations
4901547612,13.068679,77.6121,Argiope aemula,2024,iNaturalist research-grade observations
4902078714,12.377482,76.6622,Argiope aemula,2024,iNaturalist research-grade observations
5840470709,13.091114,77.660932,Argiope aemula,2024,iNaturalist research-grade observations
4903864074,12.377608,76.662096,Argiope aemula,2024,iNaturalist research-grade observations
4909140535,13.07967,77.604653,Argiope aemula,2024,iNaturalist research-grade observations
4911012362,12.37758,76.662136,Argiope aemula,2024,iNaturalist research-grade observations
4921738504,12.85508,77.515287,Argiope aemula,2024,iNaturalist research-grade observations
4993815854,11.744782,78.169776,Argiope aemula,2024,iNaturalist research-grade observations
4923759386,11.774759,78.209626,Argiope aemula,2024,iNaturalist research-grade observations
4923832263,12.267778,76.597778,Argiope aemula,2024,iNaturalist research-grade observations
4925978158,12.83784,77.589327,Argiope aemula,2024,iNaturalist research-grade observations
4926194307,11.34102,77.717164,Argiope aemula,2024,iNaturalist research-grade observations
4936356975,13.083664,77.581733,Argiope aemula,2024,iNaturalist research-grade observations
4936618506,13.024732,77.565971,Argiope aemula,2024,iNaturalist research-grade observations
4937241511,12.377524,76.662203,Argiope aemula,2024,iNaturalist research-grade observations
4945583861,13.381341,77.683183,Argiope aemula,2024,iNaturalist research-grade observations
4994477393,12.883254,77.464697,Argiope aemula,2024,iNaturalist research-grade observations
5230962991,11.531275,76.699731,Argiope aemula,2024,iNaturalist research-grade observations
6162813700,12.267222,76.598889,Argiope aemula,2024,iNaturalist research-grade observations
4946447409,12.37072,76.664192,Argiope aemula,2024,iNaturalist research-grade observations
4946664635,12.833711,77.593242,Argiope aemula,2024,iNaturalist research-grade observations
4949835640,12.348947,76.677185,Argiope aemula,2024,iNaturalist research-grade observations
4953142003,13.033493,77.673888,Argiope aemula,2024,iNaturalist research-grade observations
4953146087,12.83742,77.58723,Argiope aemula,2024,iNaturalist research-grade observations
4954691620,13.143281,77.485184,Argiope aemula,2024,iNaturalist research-grade observations
5008398894,13.046244,77.499941,Argiope aemula,2024,iNaturalist research-grade observations
4952497179,12.377582,76.662,Argiope aemula,2024,iNaturalist research-grade observations
4952806635,12.326533,76.591063,Argiope aemula,2024,iNaturalist research-grade observations
4954452379,12.81419,77.575715,Argiope aemula,2024,iNaturalist research-grade observations
4954706226,12.349298,76.677185,Argiope aemula,2024,iNaturalist research-grade observations
4954749741,13.088161,77.575212,Argiope aemula,2024,iNaturalist research-grade observations
5007623887,12.830607,77.594137,Argiope aemula,2024,iNaturalist research-grade observations
5168393164,12.9668,77.3064,Argiope aemula,2024,iNaturalist research-grade observations
4046270203,12.884119,77.463291,Argiope aemula,2023,iNaturalist research-grade observations
4162203436,13.065008,77.647953,Argiope aemula,2023,iNaturalist research-grade observations
4133641842,12.891129,77.702449,Argiope aemula,2023,iNaturalist research-grade observations
4133685083,12.89126,77.702266,Argiope aemula,2023,iNaturalist research-grade observations
4133796149,12.891438,77.7024,Argiope aemula,2023,iNaturalist research-grade observations
4137738108,12.910865,77.612799,Argiope aemula,2023,iNaturalist research-grade observations
4519014835,12.681606,77.489198,Argiope aemula,2023,iNaturalist research-grade observations
5281916372,12.478411,77.258921,Argiope aemula,2023,iNaturalist research-grade observations
4165710379,12.909947,77.484975,Argiope aemula,2023,iNaturalist research-grade observations
4165889130,12.895406,77.592293,Argiope aemula,2023,iNaturalist research-grade observations
4516678605,12.894212,77.592052,Argiope aemula,2023,iNaturalist research-grade observations
4855212272,12.904206,77.592037,Argiope aemula,2023,iNaturalist research-grade observations
4172068777,12.884167,77.463279,Argiope aemula,2023,iNaturalist research-grade observations
4400404035,13.065056,77.648047,Argiope aemula,2023,iNaturalist research-grade observations
4405131506,12.911193,77.58215,Argiope aemula,2023,iNaturalist research-grade observations
4405231923,12.884115,77.463202,Argiope aemula,2023,iNaturalist research-grade observations
4442431110,12.305755,76.59753,Argiope aemula,2023,iNaturalist research-grade observations
4413409225,11.718937,78.252203,Argiope aemula,2023,iNaturalist research-grade observations
4416679270,11.703087,78.187792,Argiope aemula,2023,iNaturalist research-grade observations
4436220499,13.017144,77.567167,Argiope aemula,2023,iNaturalist research-grade observations
4518985793,12.920607,77.441581,Argiope aemula,2023,iNaturalist research-grade observations
4863480804,12.855298,77.508025,Argiope aemula,2022,iNaturalist research-grade observations
4863743510,13.071613,77.578956,Argiope aemula,2022,iNaturalist research-grade observations
4855404565,12.845263,77.776875,Argiope aemula,2022,iNaturalist research-grade observations
3764090426,12.930255,77.467271,Argiope aemula,2022,iNaturalist research-grade observations
3764333512,12.813853,76.946096,Argiope aemula,2022,iNaturalist research-grade observations
3912060405,12.713855,77.814408,Argiope aemula,2022,iNaturalist research-grade observations
4121280646,12.958857,77.308344,Argiope aemula,2022,iNaturalist research-grade observations
4606837609,11.868388,78.085799,Argiope aemula,2022,iNaturalist research-grade observations
3859635451,12.260937,76.591672,Argiope aemula,2022,iNaturalist research-grade observations
4518979670,11.683583,78.179219,Argiope aemula,2022,iNaturalist research-grade observations
4607353204,12.309817,76.634338,Argiope aemula,2022,iNaturalist research-grade observations
3947717687,13.146953,77.619688,Argiope aemula,2022,iNaturalist research-grade observations
4606517676,11.116076,76.286756,Argiope aemula,2022,iNaturalist research-grade observations
3892315626,13.543476,77.660407,Argiope aemula,2022,iNaturalist research-grade observations
3892352227,12.883963,77.463202,Argiope aemula,2022,iNaturalist research-grade observations
3985714051,13.093661,77.577853,Argiope aemula,2022,iNaturalist research-grade observations
4011641663,13.114956,77.501384,Argiope aemula,2022,iNaturalist research-grade observations
5063791141,12.620182,78.033469,Argiope aemula,2022,iNaturalist research-grade observations
3903374554,12.842491,77.770214,Argiope aemula,2022,iNaturalist research-grade observations
3912016758,11.493943,78.029527,Argiope aemula,2022,iNaturalist research-grade observations
3915400805,12.990156,77.662402,Argiope aemula,2022,iNaturalist research-grade observations
4519087592,12.898633,77.615342,Argiope aemula,2022,iNaturalist research-grade observations
4528173753,13.161266,77.647072,Argiope aemula,2022,iNaturalist research-grade observations
4599731770,12.275329,76.670147,Argiope aemula,2022,iNaturalist research-grade observations
3925470514,12.884276,77.463287,Argiope aemula,2022,iNaturalist research-grade observations
3947619018,12.884074,77.463081,Argiope aemula,2022,iNaturalist research-grade observations
4407367474,12.742069,77.791121,Argiope aemula,2022,iNaturalist research-grade observations
3963537038,12.733909,77.499301,Argiope aemula,2022,iNaturalist research-grade observations
3986385417,12.884139,77.463184,Argiope aemula,2022,iNaturalist research-grade observations
4518964757,12.923174,77.52329,Argiope aemula,2022,iNaturalist research-grade observations
4522516590,11.735616,78.202039,Argiope aemula,2022,iNaturalist research-grade observations
4034907326,12.374977,76.665275,Argiope aemula,2022,iNaturalist research-grade observations
3764169348,13.087386,77.609935,Argiope aemula,2021,iNaturalist research-grade observations
4519091418,12.931875,79.333893,Argiope aemula,2021,iNaturalist research-grade observations
3039504833,12.884142,77.463295,Argiope aemula,2021,iNaturalist research-grade observations
3058729716,13.064942,77.647956,Argiope aemula,2021,iNaturalist research-grade observations
3764349353,12.883892,77.463201,Argiope aemula,2021,iNaturalist research-grade observations
4875301885,11.662719,78.159042,Argiope aemula,2021,iNaturalist research-grade observations
4875217664,12.884119,77.462629,Argiope aemula,2021,iNaturalist research-grade observations
3321131806,12.878924,77.530091,Argiope aemula,2021,iNaturalist research-grade observations
3321144825,12.883694,77.462761,Argiope aemula,2021,iNaturalist research-grade observations
3321183984,12.817497,76.94474,Argiope aemula,2021,iNaturalist research-grade observations
3321185598,12.878337,77.530989,Argiope aemula,2021,iNaturalist research-grade observations
3764537362,12.878789,77.529666,Argiope aemula,2021,iNaturalist research-grade observations
4872316200,12.932629,77.531854,Argiope aemula,2021,iNaturalist research-grade observations
4872338625,12.879008,77.529576,Argiope aemula,2021,iNaturalist research-grade observations
4872594488,12.932636,77.532093,Argiope aemula,2021,iNaturalist research-grade observations
5062496207,12.884323,77.463305,Argiope aemula,2021,iNaturalist research-grade observations
3335406204,13.079783,77.588646,Argiope aemula,2021,iNaturalist research-grade observations
3338101052,12.878965,77.531191,Argiope aemula,2021,iNaturalist research-grade observations
4872611780,12.879939,77.52949,Argiope aemula,2021,iNaturalist research-grade observations
4518942662,12.874975,79.135322,Argiope aemula,2021,iNaturalist research-grade observations
3398889075,12.934417,77.606017,Argiope aemula,2021,iNaturalist research-grade observations
3416026621,12.957755,77.599251,Argiope aemula,2021,iNaturalist research-grade observations
3415877873,13.070929,77.580197,Argiope aemula,2021,iNaturalist research-grade observations
4518947496,13.109081,78.323526,Argiope aemula,2021,iNaturalist research-grade observations
4946150463,11.065205,78.684164,Argiope aemula,2021,iNaturalist research-grade observations
3457020976,12.77337,77.618019,Argiope aemula,2021,iNaturalist research-grade observations
4863659918,12.854315,77.509945,Argiope aemula,2021,iNaturalist research-grade observations
2550145181,13.015592,77.572022,Argiope aemula,2020,iNaturalist research-grade observations
2597846841,12.849025,77.753022,Argiope aemula,2020,iNaturalist research-grade observations
3772574330,13.015592,77.572028,Argiope aemula,2020,iNaturalist research-grade observations
4519017401,13.0156,77.572014,Argiope aemula,2020,iNaturalist research-grade observations
3764188385,12.860914,77.59882,Argiope aemula,2020,iNaturalist research-grade observations
3772619329,13.015639,77.572036,Argiope aemula,2020,iNaturalist research-grade observations
4516301459,13.015572,77.572058,Argiope aemula,2020,iNaturalist research-grade observations
4891677275,11.647166,76.093273,Argiope aemula,2020,iNaturalist research-grade observations
3337710388,12.567744,77.455316,Argiope aemula,2020,iNaturalist research-grade observations
4519022446,12.567531,77.45571,Argiope aemula,2020,iNaturalist research-grade observations
2626384943,12.771701,77.608265,Argiope aemula,2020,iNaturalist research-grade observations
3889139387,13.020944,77.569946,Argiope aemula,2020,iNaturalist research-grade observations
4891900681,12.880159,77.529275,Argiope aemula,2020,iNaturalist research-grade observations
3772832361,12.990151,77.662402,Argiope aemula,2020,iNaturalist research-grade observations
4891900698,12.904477,77.494574,Argiope aemula,2020,iNaturalist research-grade observations
2856484048,13.05781,77.639054,Argiope aemula,2020,iNaturalist research-grade observations
3948919959,12.96557,77.60625,Argiope aemula,2020,
4891874812,11.711934,76.163882,Argiope aemula,2020,iNaturalist research-grade observations
2873724001,13.06737,77.572326,Argiope aemula,2020,iNaturalist research-grade observations
4516242538,13.06806,77.575926,Argiope aemula,2020,iNaturalist research-grade observations
4516350401,11.368683,76.293289,Argiope aemula,2020,iNaturalist research-grade observations
4519003367,12.937383,77.592058,Argiope aemula,2020,iNaturalist research-grade observations
4872493777,12.912968,77.292233,Argiope aemula,2020,iNaturalist research-grade observations
4875208577,12.873286,77.524669,Argiope aemula,2020,iNaturalist research-grade observations
4904285221,13.067404,77.572268,Argiope aemula,2020,iNaturalist research-grade observations
3764360332,13.136427,77.565418,Argiope aemula,2020,iNaturalist research-grade observations
5206717320,12.284794,77.374915,Argiope aemula,2020,iNaturalist research-grade observations
4875032215,12.923041,77.582916,Argiope aemula,2020,iNaturalist research-grade observations
4875150027,12.989625,77.662497,Argiope aemula,2020,iNaturalist research-grade observations
4875516722,12.885588,77.33675,Argiope aemula,2020,iNaturalist research-grade observations
4516609454,12.864779,79.139847,Argiope aemula,2019,iNaturalist research-grade observations
4424218378,12.995687,77.575334,Argiope aemula,2019,iNaturalist research-grade observations
5206161325,12.212474,76.633425,Argiope aemula,2019,iNaturalist research-grade observations
4516389514,12.915095,77.469698,Argiope aemula,2019,iNaturalist research-grade observations
4872192414,12.310168,76.631131,Argiope aemula,2019,iNaturalist research-grade observations
3947106349,12.934432,77.606017,Argiope aemula,2019,iNaturalist research-grade observations
4875509199,12.993329,77.56241,Argiope aemula,2019,iNaturalist research-grade observations
2574059209,13.080505,77.574403,Argiope aemula,2018,iNaturalist research-grade observations
4891644595,13.132778,79.112518,Argiope aemula,2018,iNaturalist research-grade observations
4891944036,13.130728,79.109342,Argiope aemula,2018,iNaturalist research-grade observations
4516179358,12.879106,77.529493,Argiope aemula,2018,iNaturalist research-grade observations
4407217301,12.881342,79.127806,Argiope aemula,2018,iNaturalist research-grade observations
5206564312,13.013376,77.581033,Argiope aemula,2018,iNaturalist research-grade observations
4506387318,13.075923,77.575631,Argiope aemula,2018,iNaturalist research-grade observations
2580074648,12.850493,77.505439,Argiope aemula,2018,iNaturalist research-grade observations
4872296614,12.260053,76.773242,Argiope aemula,2018,iNaturalist research-grade observations
4891896876,12.816049,77.679381,Argiope aemula,2017,iNaturalist research-grade observations
3764553343,12.879541,77.529844,Argiope aemula,2017,iNaturalist research-grade observations
3773195310,12.988907,77.662476,Argiope aemula,2017,iNaturalist research-grade observations
4901034276,12.988875,77.662485,Argiope aemula,2017,iNaturalist research-grade observations
3764236345,12.881844,77.527165,Argiope aemula,2017,iNaturalist research-grade observations
5069702311,13.071014,77.579103,Argiope aemula,2017,iNaturalist research-grade observations
5920306056,11.687405,78.180668,Argiope aemula,2017,iNaturalist research-grade observations
1805401481,12.579104,78.650566,Argiope aemula,2017,iNaturalist research-grade observations
3764096357,12.963276,77.693685,Argiope aemula,2016,iNaturalist research-grade observations
4872557380,12.946181,77.510345,Argiope aemula,2016,iNaturalist research-grade observations
4867864938,13.025417,77.644306,Argiope aemula,2015,iNaturalist research-grade observations
4901077524,12.894858,77.591523,Argiope aemula,2015,iNaturalist research-grade observations
2598679007,13.08038,77.620811,Argiope aemula,2015,
4407301418,12.209439,79.027019,Argiope aemula,2015,iNaturalist research-grade observations
2598671006,12.899623,77.482697,Argiope aemula,2015,
4442655439,11.015186,76.932617,Argiope aemula,2015,iNaturalist research-grade observations
3948922712,11.012683,76.989487,Argiope aemula,2014,
4891682517,12.815921,77.679381,Argiope aemula,2011,iNaturalist research-grade observations
4407076408,12.416667,77.75,Argiope aemula,2011,iNaturalist research-grade observations
5903789170,11.646557,76.765813,Argiope aemula,2010,iNaturalist research-grade observations
5188371365,12.887,77.578778,Argiope aemula,2008,iNaturalist research-grade observations
3948922634,13.094316,77.625176,Argiope aemula,,
381871333,12.3078916667,76.5929333333,Argiope aemula,2026,iNaturalist/research
374524661,12.9664521943,77.727740407,Argiope aemula,2026,iNaturalist/research
370259570,12.3559152,76.5831232,Argiope aemula,2026,iNaturalist/research
369319089,12.3874897,76.7943166,Argiope aemula,2026,iNaturalist
335210607,13.019944,77.5680109722,Argiope aemula,2026,iNaturalist/research
335368149,12.9422948095,77.586824644,Argiope aemula,2026,iNaturalist/research
331839893,13.5464716667,78.5209083333,Argiope aemula,2025,iNaturalist/research
330331211,12.7422733333,77.7897216667,Argiope aemula,2025,iNaturalist/research
327343349,12.9299845,77.4653272,Argiope aemula,2025,iNaturalist/research
325975788,12.8814878258,77.4638882841,Argiope aemula,2025,iNaturalist/research
325452075,12.8409532,77.5879346,Argiope aemula,2025,iNaturalist/research
349451239,12.8444033333,77.776055,Argiope aemula,2025,iNaturalist
321778393,12.9896666667,77.58805,Argiope aemula,2025,iNaturalist
321772873,12.8814983034,77.4638893875,Argiope aemula,2025,iNaturalist/research
321235119,11.0281805556,76.0456555556,Argiope aemula,2025,iNaturalist/research
320335269,12.7548799444,77.7011031944,Argiope aemula,2025,iNaturalist
319320455,12.834475,77.5855633333,Argiope aemula,2025,iNaturalist/research
318376227,13.0765708775,77.5748673302,Argiope aemula,2025,iNaturalist
314092291,12.3071633333,76.5920116667,Argiope aemula,2025,iNaturalist
313774730,13.1246805556,77.5517777778,Argiope aemula,2025,iNaturalist/research
312361928,12.90555344,77.70456348,Argiope aemula,2025,iNaturalist/research
310163155,12.8501074901,77.6080958097,Argiope aemula,2025,iNaturalist/research
311065190,12.680272348,78.6127721518,Argiope aemula,2025,iNaturalist
306958901,12.7419694332,77.7895250916,Argiope aemula,2025,iNaturalist/research
332579159,12.2252283333,79.0527888333,Argiope aemula,2025,iNaturalist/research
306467450,12.22503,79.0526195,Argiope aemula,2025,iNaturalist/research
305283398,12.8335166667,77.5935283333,Argiope aemula,2025,iNaturalist/research
304162429,12.787269987,77.6523341238,Argiope aemula,2025,iNaturalist
299854274,12.225055,79.0525805,Argiope aemula,2025,iNaturalist/research
294841314,12.5782333333,78.890105,Argiope aemula,2025,iNaturalist/research
293643198,13.1282611111,77.5468638889,Argiope aemula,2025,iNaturalist/research
292559182,13.0006027783,77.45308,Argiope aemula,2025,iNaturalist/research
289825240,12.8823147625,79.2322019969,Argiope aemula,2025,iNaturalist/research
295058109,11.5030593236,78.7695692699,Argiope aemula,2025,iNaturalist/research
286474628,13.0707111359,77.5807495117,Argiope aemula,2025,iNaturalist/research
286263437,12.8907916244,77.7459210902,Argiope aemula,2025,iNaturalist/research
282326375,12.844285,77.776795,Argiope aemula,2025,iNaturalist/research
282326462,12.84434381,77.77701686,Argiope aemula,2025,iNaturalist/research
280219529,11.1532351884,78.7142585909,Argiope aemula,2025,iNaturalist/research
273621131,12.8491092089,77.5004371575,Argiope aemula,2025,iNaturalist/research
263584326,12.796825,78.3047333333,Argiope aemula,2025,iNaturalist/research
260154668,12.7513854997,77.5826339,Argiope aemula,2025,iNaturalist/research
258215101,12.7328575919,77.5976806658,Argiope aemula,2025,iNaturalist/research
288353020,11.6082652218,78.1448098987,Argiope aemula,2025,iNaturalist/research
245191702,12.8141902,77.5757145,Argiope aemula,2024,iNaturalist/research
243078020,12.8081279997,77.5714339997,Argiope aemula,2024,iNaturalist/research
242938111,13.2192721667,76.9024194444,Argiope aemula,2024,iNaturalist/research
241598087,13.018022,77.5669099722,Argiope aemula,2024,iNaturalist/research
246465915,11.6183694,76.2111642,Argiope aemula,2024,iNaturalist/research
240823837,12.2569404875,76.5950069949,Argiope aemula,2024,iNaturalist/research
239159892,12.7746460422,77.6120835543,Argiope aemula,2024,iNaturalist/research
239145260,12.8856283333,77.4670466667,Argiope aemula,2024,iNaturalist/research
295618753,11.5312745997,76.6997312997,Argiope aemula,2024,iNaturalist/research
236214123,12.8483195781,77.7739320695,Argiope aemula,2024,iNaturalist/research
233949901,12.8742056269,77.5272426009,Argiope aemula,2024,iNaturalist/research
233866923,12.8817645302,77.4641267073,Argiope aemula,2024,iNaturalist/research
233664150,12.9183124703,77.6800969988,Argiope aemula,2024,iNaturalist/research
233692353,12.8830361111,77.4643472222,Argiope aemula,2024,iNaturalist/research
232457337,12.8550599,77.5153197,Argiope aemula,2024,iNaturalist/research
231796388,12.8701412413,77.5240065157,Argiope aemula,2024,iNaturalist/research
229177610,12.9341156,77.6057957,Argiope aemula,2024,iNaturalist/research
228213408,12.931375,77.6059277778,Argiope aemula,2024,iNaturalist/research
225877035,12.8578417837,77.7885122225,Argiope aemula,2024,iNaturalist/research
222859883,12.225,79.0527333333,Argiope aemula,2024,iNaturalist/research
370860295,12.9655713364,77.7273679152,Argiope aemula,2024,iNaturalist/research
235384054,11.1133066667,76.78202,Argiope aemula,2024,iNaturalist/research
213628501,12.9175293862,77.6804014222,Argiope aemula,2024,iNaturalist/research
201130786,12.4338083333,77.5015611111,Argiope aemula,2024,iNaturalist/research
194562099,12.5574443,77.1053673,Argiope aemula,2023,iNaturalist/research
194015143,11.4180194444,77.6775833333,Argiope aemula,2023,iNaturalist/research
192438601,13.0777797387,77.5890209153,Argiope aemula,2023,iNaturalist/research
190482663,11.1917084974,78.1661132723,Argiope aemula,2023,iNaturalist/research
188002405,12.3572416997,76.5833183997,Argiope aemula,2023,iNaturalist/research
187876864,12.9487373995,79.3189780042,Argiope aemula,2023,iNaturalist/research
187820666,12.8416097,77.7752465,Argiope aemula,2023,iNaturalist/research
185118126,12.0363231921,77.0943605527,Argiope aemula,2023,iNaturalist/research
181500219,12.8098760244,77.4893372878,Argiope aemula,2023,iNaturalist/research
186488926,12.254481,76.645964,Argiope aemula,2023,iNaturalist
179935044,12.8841154569,77.4632018432,Argiope aemula,2023,iNaturalist/research
179358951,12.8949004,77.5936259,Argiope aemula,2023,iNaturalist/research
264933474,12.7475015594,78.3266850561,Argiope aemula,2023,iNaturalist/research
176573291,12.3148555556,76.7710611111,Argiope aemula,2023,iNaturalist/research
176253272,12.840047,77.6747291,Argiope aemula,2023,iNaturalist/research
175033300,11.8814117047,77.9028655216,Argiope aemula,2023,iNaturalist/research
174252599,12.9099470749,77.4849745072,Argiope aemula,2023,iNaturalist/research
168009490,12.910865137,77.6127993688,Argiope aemula,2023,iNaturalist/research
177625408,11.1854760992,78.3804713935,Argiope aemula,2023,iNaturalist/research
164386295,12.2953133333,79.0131527833,Argiope aemula,2023,iNaturalist/research
164155292,12.9064124479,77.5347128883,Argiope aemula,2023,iNaturalist/research
182793124,13.1132,77.5790627778,Argiope aemula,2023,iNaturalist/research
158680205,11.066784,76.987839,Argiope aemula,2023,iNaturalist/research
147162689,12.8944968,77.45695318,Argiope aemula,2023,iNaturalist/research
168957281,13.4180902708,77.6829599217,Argiope aemula,2023,iNaturalist/research
145479417,11.6155874706,76.5181287734,Argiope aemula,2022,iNaturalist/research
143548948,13.1623725833,77.4588622778,Argiope aemula,2022,iNaturalist/research
140635718,12.7326550966,77.7902147546,Argiope aemula,2022,iNaturalist/research
182793061,13.1108175,77.5759122,Argiope aemula,2022,iNaturalist/research
138702914,12.2096339997,79.0262759,Argiope aemula,2022,iNaturalist/research
139315198,12.8452684473,77.7768751234,Argiope aemula,2022,iNaturalist/research
137829783,12.96226771,77.59718422,Argiope aemula,2022,iNaturalist/research
154673125,13.5258466667,79.3129316667,Argiope aemula,2022,iNaturalist/research
134709638,12.2253024997,79.0532105,Argiope aemula,2022,iNaturalist/research
134414663,12.9609816,77.7083642,Argiope aemula,2022,iNaturalist/research
134022890,12.8674488,77.5940215,Argiope aemula,2022,iNaturalist/research
133575840,12.9654796,77.7184638,Argiope aemula,2022,iNaturalist/research
133554955,12.2252398889,79.0530016111,Argiope aemula,2022,iNaturalist/research
132357640,12.1800913642,76.7419524863,Argiope aemula,2022,iNaturalist/research
132002785,12.9409472222,77.5091666667,Argiope aemula,2022,iNaturalist/research
131877481,12.9714785136,77.5945626944,Argiope aemula,2022,iNaturalist/research
131577580,12.7960545,77.5764202,Argiope aemula,2022,iNaturalist/research
253584291,12.8575577342,77.7864056826,Argiope aemula,2022,iNaturalist/research
126448705,12.9244027778,77.5336583333,Argiope aemula,2022,iNaturalist/research
156977191,11.1090016377,76.9760688137,Argiope aemula,2022,iNaturalist/research
104173262,12.8552979373,77.508024828,Argiope aemula,2022,iNaturalist/research
104197519,13.0800713423,77.5785150379,Argiope aemula,2021,iNaturalist/research
103301226,12.9064268274,77.5347128883,Argiope aemula,2021,iNaturalist/research
102289187,12.5588962778,76.8239825833,Argiope aemula,2021,iNaturalist/research
99609099,13.0959901654,77.5817323476,Argiope aemula,2021,iNaturalist/research
100629192,12.9577549,77.5992505,Argiope aemula,2021,iNaturalist
98878088,13.125145989,77.5692128018,Argiope aemula,2021,iNaturalist/research
98691058,13.1250310548,77.5701921433,Argiope aemula,2021,iNaturalist/research
98686784,12.407299,77.3906989722,Argiope aemula,2021,iNaturalist/research
98078292,12.9569098199,77.6474784065,Argiope aemula,2021,iNaturalist/research
94789984,12.8827866667,77.4633466667,Argiope aemula,2021,iNaturalist/research
87482722,12.9927807593,77.7286258712,Argiope aemula,2021,iNaturalist/research
