"pointID","note","decimalLatitude","decimalLongitude","coordinateUncertaintyInMeters"
"2000_AKPCQ1","akm",10.333438,77.020770,200
"2000_AKPCQ10","akm",10.333438,77.020770,200
"2000_AKPCQ11","36hp",10.368692,76.995555,200
"2000_AKPCQ12","36hp",10.368692,76.995555,200
"2000_AKPCQ13","36hp",10.368692,76.995555,200
"2000_AKPCQ14","36hp",10.368692,76.995555,200
"2000_AKPCQ15","36hp",10.368692,76.995555,200
"2000_AKPCQ16","36hp",10.368692,76.995555,200
"2000_AKPCQ17","36hp",10.368692,76.995555,200
"2000_AKPCQ18","36hp",10.368692,76.995555,200
"2000_AKPCQ19","36hp",10.368692,76.995555,200
"2000_AKPCQ2","akm",10.333438,77.020770,200
"2000_AKPCQ20","36hp",10.368692,76.995555,200
"2000_AKPCQ21","iypd",10.371668,76.991853,200
"2000_AKPCQ22","iypd",10.371668,76.991853,200
"2000_AKPCQ23","iypd",10.371668,76.991853,200
"2000_AKPCQ24","iypd",10.371668,76.991853,200
"2000_AKPCQ25","iypd",10.371668,76.991853,200
"2000_AKPCQ26","iypd",10.371668,76.991853,200
"2000_AKPCQ27","iypd",10.371668,76.991853,200
"2000_AKPCQ28","iypd",10.371668,76.991853,200
"2000_AKPCQ29","iypd",10.371668,76.991853,200
"2000_AKPCQ3","akm",10.333438,77.020770,200
"2000_AKPCQ30","iypd",10.371668,76.991853,200
"2000_AKPCQ4","akm",10.333438,77.020770,200
"2000_AKPCQ5","akm",10.333438,77.020770,200
"2000_AKPCQ6","akm",10.333438,77.020770,200
"2000_AKPCQ7","akm",10.333438,77.020770,200
"2000_AKPCQ8","akm",10.333438,77.020770,200
"2000_AKPCQ9","akm",10.333438,77.020770,200
"2000_ANPCQ1","NA",10.397607,76.989666,200
"2000_ANPCQ10","NA",10.397607,76.989666,200
"2000_ANPCQ11","NA",10.397607,76.989666,200
"2000_ANPCQ12","NA",10.397607,76.989666,200
"2000_ANPCQ13","NA",10.397607,76.989666,200
"2000_ANPCQ14","NA",10.397607,76.989666,200
"2000_ANPCQ15","NA",10.397607,76.989666,200
"2000_ANPCQ16","NA",10.397607,76.989666,200
"2000_ANPCQ17","NA",10.397607,76.989666,200
"2000_ANPCQ18","NA",10.397607,76.989666,200
"2000_ANPCQ19","NA",10.397607,76.989666,200
"2000_ANPCQ2","NA",10.397607,76.989666,200
"2000_ANPCQ20","NA",10.397607,76.989666,200
"2000_ANPCQ21","NA",10.397607,76.989666,200
"2000_ANPCQ22","NA",10.397607,76.989666,200
"2000_ANPCQ23","NA",10.397607,76.989666,200
"2000_ANPCQ24","NA",10.397607,76.989666,200
"2000_ANPCQ25","NA",10.397607,76.989666,200
"2000_ANPCQ3","NA",10.397607,76.989666,200
"2000_ANPCQ4","NA",10.397607,76.989666,200
"2000_ANPCQ5","NA",10.397607,76.989666,200
"2000_ANPCQ6","NA",10.397607,76.989666,200
"2000_ANPCQ7","NA",10.397607,76.989666,200
"2000_ANPCQ8","NA",10.397607,76.989666,200
"2000_ANPCQ9","NA",10.397607,76.989666,200
"2000_KSPCQ1","NA",10.480950,76.831325,200
"2000_KSPCQ10","NA",10.480950,76.831325,200
"2000_KSPCQ11","NA",10.480950,76.831325,200
"2000_KSPCQ12","NA",10.480950,76.831325,200
"2000_KSPCQ13","NA",10.480950,76.831325,200
"2000_KSPCQ14","NA",10.480950,76.831325,200
"2000_KSPCQ15","NA",10.480950,76.831325,200
"2000_KSPCQ16","NA",10.480950,76.831325,200
"2000_KSPCQ17","NA",10.480950,76.831325,200
"2000_KSPCQ18","NA",10.480950,76.831325,200
"2000_KSPCQ19","NA",10.480950,76.831325,200
"2000_KSPCQ2","NA",10.480950,76.831325,200
"2000_KSPCQ20","NA",10.480950,76.831325,200
"2000_KSPCQ21","NA",10.480950,76.831325,200
"2000_KSPCQ22","NA",10.480950,76.831325,200
"2000_KSPCQ23","NA",10.480950,76.831325,200
"2000_KSPCQ24","NA",10.480950,76.831325,200
"2000_KSPCQ25","NA",10.480950,76.831325,200
"2000_KSPCQ3","NA",10.480950,76.831325,200
"2000_KSPCQ4","NA",10.480950,76.831325,200
"2000_KSPCQ5","NA",10.480950,76.831325,200
"2000_KSPCQ6","NA",10.480950,76.831325,200
"2000_KSPCQ7","NA",10.480950,76.831325,200
"2000_KSPCQ8","NA",10.480950,76.831325,200
"2000_KSPCQ9","NA",10.480950,76.831325,200
"2000_KOPCQ1","NA",10.312675,76.910160,200
"2000_KOPCQ10","NA",10.312675,76.910160,200
"2000_KOPCQ11","NA",10.312675,76.910160,200
"2000_KOPCQ12","NA",10.312675,76.910160,200
"2000_KOPCQ13","NA",10.312675,76.910160,200
"2000_KOPCQ14","NA",10.312675,76.910160,200
"2000_KOPCQ15","NA",10.312675,76.910160,200
"2000_KOPCQ16","NA",10.312675,76.910160,200
"2000_KOPCQ17","NA",10.312675,76.910160,200
"2000_KOPCQ18","NA",10.312675,76.910160,200
"2000_KOPCQ19","NA",10.312675,76.910160,200
"2000_KOPCQ2","NA",10.312675,76.910160,200
"2000_KOPCQ20","NA",10.312675,76.910160,200
"2000_KOPCQ21","NA",10.312675,76.910160,200
"2000_KOPCQ22","NA",10.312675,76.910160,200
"2000_KOPCQ23","NA",10.312675,76.910160,200
"2000_KOPCQ24","NA",10.312675,76.910160,200
"2000_KOPCQ25","NA",10.312675,76.910160,200
"2000_KOPCQ3","NA",10.312675,76.910160,200
"2000_KOPCQ4","NA",10.312675,76.910160,200
"2000_KOPCQ5","NA",10.312675,76.910160,200
"2000_KOPCQ6","NA",10.312675,76.910160,200
"2000_KOPCQ7","NA",10.312675,76.910160,200
"2000_KOPCQ8","NA",10.312675,76.910160,200
"2000_KOPCQ9","NA",10.312675,76.910160,200
"2000_MAPCQ1","NA",10.348778,76.895241,200
"2000_MAPCQ10","NA",10.348778,76.895241,200
"2000_MAPCQ11","NA",10.348778,76.895241,200
"2000_MAPCQ12","NA",10.348778,76.895241,200
"2000_MAPCQ13","NA",10.348778,76.895241,200
"2000_MAPCQ14","NA",10.348778,76.895241,200
"2000_MAPCQ15","NA",10.348778,76.895241,200
"2000_MAPCQ16","NA",10.348778,76.895241,200
"2000_MAPCQ17","NA",10.348778,76.895241,200
"2000_MAPCQ18","NA",10.348778,76.895241,200
"2000_MAPCQ19","NA",10.348778,76.895241,200
"2000_MAPCQ2","NA",10.348778,76.895241,200
"2000_MAPCQ20","NA",10.348778,76.895241,200
"2000_MAPCQ21","NA",10.348778,76.895241,200
"2000_MAPCQ22","NA",10.348778,76.895241,200
"2000_MAPCQ23","NA",10.348778,76.895241,200
"2000_MAPCQ24","NA",10.348778,76.895241,200
"2000_MAPCQ25","NA",10.348778,76.895241,200
"2000_MAPCQ3","NA",10.348778,76.895241,200
"2000_MAPCQ4","NA",10.348778,76.895241,200
"2000_MAPCQ5","NA",10.348778,76.895241,200
"2000_MAPCQ6","NA",10.348778,76.895241,200
"2000_MAPCQ7","NA",10.348778,76.895241,200
"2000_MAPCQ8","NA",10.348778,76.895241,200
"2000_MAPCQ9","NA",10.348778,76.895241,200
"2000_OVPCQ1","NA",10.347278,76.932254,200
"2000_OVPCQ10","NA",10.347278,76.932254,200
"2000_OVPCQ11","NA",10.347278,76.932254,200
"2000_OVPCQ12","NA",10.347278,76.932254,200
"2000_OVPCQ13","NA",10.347278,76.932254,200
"2000_OVPCQ14","NA",10.347278,76.932254,200
"2000_OVPCQ15","NA",10.347278,76.932254,200
"2000_OVPCQ2","NA",10.347278,76.932254,200
"2000_OVPCQ3","NA",10.347278,76.932254,200
"2000_OVPCQ4","NA",10.347278,76.932254,200
"2000_OVPCQ5","NA",10.347278,76.932254,200
"2000_OVPCQ6","NA",10.347278,76.932254,200
"2000_OVPCQ7","NA",10.347278,76.932254,200
"2000_OVPCQ8","NA",10.347278,76.932254,200
"2000_OVPCQ9","NA",10.347278,76.932254,200
"2000_PAPCQ1","NA",10.298994,76.892244,200
"2000_PAPCQ10","NA",10.298994,76.892244,200
"2000_PAPCQ2","NA",10.298994,76.892244,200
"2000_PAPCQ3","NA",10.298994,76.892244,200
"2000_PAPCQ4","NA",10.298994,76.892244,200
"2000_PAPCQ5","NA",10.298994,76.892244,200
"2000_PAPCQ6","NA",10.298994,76.892244,200
"2000_PAPCQ7","NA",10.298994,76.892244,200
"2000_PAPCQ8","NA",10.298994,76.892244,200
"2000_PAPCQ9","NA",10.298994,76.892244,200
"2000_PUPCQ1","NA",10.338319,76.967501,200
"2000_PUPCQ10","NA",10.338319,76.967501,200
"2000_PUPCQ11","NA",10.338319,76.967501,200
"2000_PUPCQ12","NA",10.338319,76.967501,200
"2000_PUPCQ13","NA",10.338319,76.967501,200
"2000_PUPCQ14","NA",10.338319,76.967501,200
"2000_PUPCQ15","NA",10.338319,76.967501,200
"2000_PUPCQ16","NA",10.338319,76.967501,200
"2000_PUPCQ17","NA",10.338319,76.967501,200
"2000_PUPCQ18","NA",10.338319,76.967501,200
"2000_PUPCQ19","NA",10.338319,76.967501,200
"2000_PUPCQ2","NA",10.338319,76.967501,200
"2000_PUPCQ20","NA",10.338319,76.967501,200
"2000_PUPCQ21","NA",10.338319,76.967501,200
"2000_PUPCQ22","NA",10.338319,76.967501,200
"2000_PUPCQ23","NA",10.338319,76.967501,200
"2000_PUPCQ24","NA",10.338319,76.967501,200
"2000_PUPCQ25","NA",10.338319,76.967501,200
"2000_PUPCQ3","NA",10.338319,76.967501,200
"2000_PUPCQ4","NA",10.338319,76.967501,200
"2000_PUPCQ5","NA",10.338319,76.967501,200
"2000_PUPCQ6","NA",10.338319,76.967501,200
"2000_PUPCQ7","NA",10.338319,76.967501,200
"2000_PUPCQ8","NA",10.338319,76.967501,200
"2000_PUPCQ9","NA",10.338319,76.967501,200
"2000_VTPCQ1","NA",10.354856,76.930115,200
"2000_VTPCQ10","NA",10.354856,76.930115,200
"2000_VTPCQ2","NA",10.354856,76.930115,200
"2000_VTPCQ3","NA",10.354856,76.930115,200
"2000_VTPCQ4","NA",10.354856,76.930115,200
"2000_VTPCQ5","NA",10.354856,76.930115,200
"2000_VTPCQ6","NA",10.354856,76.930115,200
"2000_VTPCQ7","NA",10.354856,76.930115,200
"2000_VTPCQ8","NA",10.354856,76.930115,200
"2000_VTPCQ9","NA",10.354856,76.930115,200
"2002_IJPCQ1","NA",10.323460,76.928694,200
"2002_IJPCQ10","NA",10.323460,76.928694,200
"2002_IJPCQ11","NA",10.323460,76.928694,200
"2002_IJPCQ12","NA",10.323460,76.928694,200
"2002_IJPCQ13","NA",10.323460,76.928694,200
"2002_IJPCQ14","NA",10.323460,76.928694,200
"2002_IJPCQ15","NA",10.323460,76.928694,200
"2002_IJPCQ16","NA",10.323460,76.928694,200
"2002_IJPCQ17","NA",10.323460,76.928694,200
"2002_IJPCQ18","NA",10.323460,76.928694,200
"2002_IJPCQ19","NA",10.323460,76.928694,200
"2002_IJPCQ2","NA",10.323460,76.928694,200
"2002_IJPCQ20","NA",10.323460,76.928694,200
"2002_IJPCQ3","NA",10.323460,76.928694,200
"2002_IJPCQ4","NA",10.323460,76.928694,200
"2002_IJPCQ5","NA",10.323460,76.928694,200
"2002_IJPCQ6","NA",10.323460,76.928694,200
"2002_IJPCQ7","NA",10.323460,76.928694,200
"2002_IJPCQ8","NA",10.323460,76.928694,200
"2002_IJPCQ9","NA",10.323460,76.928694,200
"2002_KPPCQ1","NA",10.316111,76.870409,200
"2002_KPPCQ10","NA",10.316111,76.870409,200
"2002_KPPCQ11","NA",10.316111,76.870409,200
"2002_KPPCQ12","NA",10.316111,76.870409,200
"2002_KPPCQ13","NA",10.316111,76.870409,200
"2002_KPPCQ14","NA",10.316111,76.870409,200
"2002_KPPCQ15","NA",10.316111,76.870409,200
"2002_KPPCQ16","NA",10.316111,76.870409,200
"2002_KPPCQ17","NA",10.316111,76.870409,200
"2002_KPPCQ18","NA",10.316111,76.870409,200
"2002_KPPCQ19","NA",10.316111,76.870409,200
"2002_KPPCQ2","NA",10.316111,76.870409,200
"2002_KPPCQ20","NA",10.316111,76.870409,200
"2002_KPPCQ3","NA",10.316111,76.870409,200
"2002_KPPCQ4","NA",10.316111,76.870409,200
"2002_KPPCQ5","NA",10.316111,76.870409,200
"2002_KPPCQ6","NA",10.316111,76.870409,200
"2002_KPPCQ7","NA",10.316111,76.870409,200
"2002_KPPCQ8","NA",10.316111,76.870409,200
"2002_KPPCQ9","NA",10.316111,76.870409,200
"2002_OVCO_PCQ1","NA",10.355520,76.932087,200
"2002_OVCO_PCQ10","NA",10.355520,76.932087,200
"2002_OVCO_PCQ11","NA",10.355520,76.932087,200
"2002_OVCO_PCQ12","NA",10.355520,76.932087,200
"2002_OVCO_PCQ13","NA",10.355520,76.932087,200
"2002_OVCO_PCQ14","NA",10.355520,76.932087,200
"2002_OVCO_PCQ15","NA",10.355520,76.932087,200
"2002_OVCO_PCQ16","NA",10.355520,76.932087,200
"2002_OVCO_PCQ17","NA",10.355520,76.932087,200
"2002_OVCO_PCQ18","NA",10.355520,76.932087,200
"2002_OVCO_PCQ19","NA",10.355520,76.932087,200
"2002_OVCO_PCQ2","NA",10.355520,76.932087,200
"2002_OVCO_PCQ20","NA",10.355520,76.932087,200
"2002_OVCO_PCQ3","NA",10.355520,76.932087,200
"2002_OVCO_PCQ4","NA",10.355520,76.932087,200
"2002_OVCO_PCQ5","NA",10.355520,76.932087,200
"2002_OVCO_PCQ6","NA",10.355520,76.932087,200
"2002_OVCO_PCQ7","NA",10.355520,76.932087,200
"2002_OVCO_PCQ8","NA",10.355520,76.932087,200
"2002_OVCO_PCQ9","NA",10.355520,76.932087,200
"2002_PUCO_PCQ1","NA",10.342972,76.968619,200
"2002_PUCO_PCQ10","NA",10.342972,76.968619,200
"2002_PUCO_PCQ11","NA",10.342972,76.968619,200
"2002_PUCO_PCQ12","NA",10.342972,76.968619,200
"2002_PUCO_PCQ13","NA",10.342972,76.968619,200
"2002_PUCO_PCQ14","NA",10.342972,76.968619,200
"2002_PUCO_PCQ15","NA",10.342972,76.968619,200
"2002_PUCO_PCQ16","NA",10.342972,76.968619,200
"2002_PUCO_PCQ17","NA",10.342972,76.968619,200
"2002_PUCO_PCQ18","NA",10.342972,76.968619,200
"2002_PUCO_PCQ19","NA",10.342972,76.968619,200
"2002_PUCO_PCQ2","NA",10.342972,76.968619,200
"2002_PUCO_PCQ20","NA",10.342972,76.968619,200
"2002_PUCO_PCQ3","NA",10.342972,76.968619,200
"2002_PUCO_PCQ4","NA",10.342972,76.968619,200
"2002_PUCO_PCQ5","NA",10.342972,76.968619,200
"2002_PUCO_PCQ6","NA",10.342972,76.968619,200
"2002_PUCO_PCQ7","NA",10.342972,76.968619,200
"2002_PUCO_PCQ8","NA",10.342972,76.968619,200
"2002_PUCO_PCQ9","NA",10.342972,76.968619,200
"2002_SLPCQ1","NA",10.265151,76.892026,200
"2002_SLPCQ10","NA",10.265151,76.892026,200
"2002_SLPCQ11","NA",10.265151,76.892026,200
"2002_SLPCQ12","NA",10.265151,76.892026,200
"2002_SLPCQ13","NA",10.265151,76.892026,200
"2002_SLPCQ14","NA",10.265151,76.892026,200
"2002_SLPCQ15","NA",10.265151,76.892026,200
"2002_SLPCQ16","NA",10.265151,76.892026,200
"2002_SLPCQ17","NA",10.265151,76.892026,200
"2002_SLPCQ18","NA",10.265151,76.892026,200
"2002_SLPCQ19","NA",10.265151,76.892026,200
"2002_SLPCQ2","NA",10.265151,76.892026,200
"2002_SLPCQ20","NA",10.265151,76.892026,200
"2002_SLPCQ3","NA",10.265151,76.892026,200
"2002_SLPCQ4","NA",10.265151,76.892026,200
"2002_SLPCQ5","NA",10.265151,76.892026,200
"2002_SLPCQ6","NA",10.265151,76.892026,200
"2002_SLPCQ7","NA",10.265151,76.892026,200
"2002_SLPCQ8","NA",10.265151,76.892026,200
"2002_SLPCQ9","NA",10.265151,76.892026,200
"2002_SKPCQ1","NA",10.252168,76.940389,200
"2002_SKPCQ10","NA",10.252168,76.940389,200
"2002_SKPCQ11","NA",10.252168,76.940389,200
"2002_SKPCQ12","NA",10.252168,76.940389,200
"2002_SKPCQ13","NA",10.252168,76.940389,200
"2002_SKPCQ14","NA",10.252168,76.940389,200
"2002_SKPCQ15","NA",10.252168,76.940389,200
"2002_SKPCQ16","NA",10.252168,76.940389,200
"2002_SKPCQ17","NA",10.252168,76.940389,200
"2002_SKPCQ18","NA",10.252168,76.940389,200
"2002_SKPCQ19","NA",10.252168,76.940389,200
"2002_SKPCQ2","NA",10.252168,76.940389,200
"2002_SKPCQ20","NA",10.252168,76.940389,200
"2002_SKPCQ3","NA",10.252168,76.940389,200
"2002_SKPCQ4","NA",10.252168,76.940389,200
"2002_SKPCQ5","NA",10.252168,76.940389,200
"2002_SKPCQ6","NA",10.252168,76.940389,200
"2002_SKPCQ7","NA",10.252168,76.940389,200
"2002_SKPCQ8","NA",10.252168,76.940389,200
"2002_SKPCQ9","NA",10.252168,76.940389,200
"2002_SUCO_PCQ1","NA",10.344473,76.901127,200
"2002_SUCO_PCQ10","NA",10.344473,76.901127,200
"2002_SUCO_PCQ11","NA",10.344473,76.901127,200
"2002_SUCO_PCQ12","NA",10.344473,76.901127,200
"2002_SUCO_PCQ13","NA",10.344473,76.901127,200
"2002_SUCO_PCQ14","NA",10.344473,76.901127,200
"2002_SUCO_PCQ15","NA",10.344473,76.901127,200
"2002_SUCO_PCQ16","NA",10.344473,76.901127,200
"2002_SUCO_PCQ17","NA",10.344473,76.901127,200
"2002_SUCO_PCQ18","NA",10.344473,76.901127,200
"2002_SUCO_PCQ19","NA",10.344473,76.901127,200
"2002_SUCO_PCQ2","NA",10.344473,76.901127,200
"2002_SUCO_PCQ20","NA",10.344473,76.901127,200
"2002_SUCO_PCQ3","NA",10.344473,76.901127,200
"2002_SUCO_PCQ4","NA",10.344473,76.901127,200
"2002_SUCO_PCQ5","NA",10.344473,76.901127,200
"2002_SUCO_PCQ6","NA",10.344473,76.901127,200
"2002_SUCO_PCQ7","NA",10.344473,76.901127,200
"2002_SUCO_PCQ8","NA",10.344473,76.901127,200
"2002_SUCO_PCQ9","NA",10.344473,76.901127,200
"2002_TFCO_PCQ1","NA",10.350881,76.934518,200
"2002_TFCO_PCQ10","NA",10.350881,76.934518,200
"2002_TFCO_PCQ11","NA",10.350881,76.934518,200
"2002_TFCO_PCQ12","NA",10.350881,76.934518,200
"2002_TFCO_PCQ13","NA",10.350881,76.934518,200
"2002_TFCO_PCQ14","NA",10.350881,76.934518,200
"2002_TFCO_PCQ15","NA",10.350881,76.934518,200
"2002_TFCO_PCQ16","NA",10.350881,76.934518,200
"2002_TFCO_PCQ17","NA",10.350881,76.934518,200
"2002_TFCO_PCQ18","NA",10.350881,76.934518,200
"2002_TFCO_PCQ19","NA",10.350881,76.934518,200
"2002_TFCO_PCQ2","NA",10.350881,76.934518,200
"2002_TFCO_PCQ20","NA",10.350881,76.934518,200
"2002_TFCO_PCQ3","NA",10.350881,76.934518,200
"2002_TFCO_PCQ4","NA",10.350881,76.934518,200
"2002_TFCO_PCQ5","NA",10.350881,76.934518,200
"2002_TFCO_PCQ6","NA",10.350881,76.934518,200
"2002_TFCO_PCQ7","NA",10.350881,76.934518,200
"2002_TFCO_PCQ8","NA",10.350881,76.934518,200
"2002_TFCO_PCQ9","NA",10.350881,76.934518,200
"2019_AKPCQ01","NA",10.369280,76.994030,30
"2019_AKPCQ02","NA",10.369050,76.994780,30
"2019_AKPCQ03","NA",10.368540,76.995530,30
"2019_AKPCQ04","NA",10.368540,76.996380,30
"2019_AKPCQ05","NA",10.367250,76.996310,30
"2019_AKPCQ06","NA",10.368950,76.997260,30
"2019_AKPCQ07","NA",10.364710,76.997010,30
"2019_AKPCQ08","NA",10.364180,76.997620,30
"2019_AKPCQ09","NA",10.364060,76.998450,30
"2019_AKPCQ10","NA",10.364600,76.999850,30
"2019_AKPCQ11","NA",10.363520,76.999880,30
"2019_AKPCQ12","NA",10.363010,77.000630,30
"2019_AKPCQ13","NA",10.369950,76.974710,30
"2019_AKPCQ14","NA",10.378520,76.993340,30
"2019_AKPCQ15","NA",10.377480,76.993160,30
"2019_AKPCQ16","NA",10.376670,76.993250,30
"2019_AKPCQ17","NA",10.375840,76.993490,30
"2019_AKPCQ18","NA",10.373010,76.993230,30
"2019_AKPCQ19","NA",10.363820,77.001650,30
"2019_AKPCQ20","NA",10.365140,77.002170,30
"2019_AKPCQ21","NA",10.366150,77.003080,30
"2019_AKPCQ22","NA",10.364860,77.003610,30
"2019_AKPCQ23","NA",10.363270,77.004790,30
"2019_AKPCQ24","NA",10.362150,77.005640,30
"2019_AKPCQ25","NA",10.360750,77.006110,30
"2019_ANPCQ01","NA",10.393320,76.993460,30
"2019_ANPCQ02","NA",10.392430,76.993330,30
"2019_ANPCQ03","NA",10.392110,76.992500,30
"2019_ANPCQ04","NA",10.392650,76.991930,30
"2019_ANPCQ05","NA",10.393450,76.991490,30
"2019_ANPCQ06","NA",10.394180,76.991460,30
"2019_ANPCQ07","NA",10.395160,76.991640,30
"2019_ANPCQ08","NA",10.395110,76.990770,30
"2019_ANPCQ09","NA",10.395920,76.990390,30
"2019_ANPCQ10","NA",10.396610,76.989560,30
"2019_ANPCQ11","NA",10.398990,76.987470,30
"2019_ANPCQ12","NA",10.396620,76.989260,30
"2019_ANPCQ13","NA",10.396530,76.988530,30
"2019_ANPCQ14","NA",10.396710,76.987610,30
"2019_ANPCQ15","NA",10.396890,76.986940,30
"2019_ANPCQ16","NA",10.397790,76.986780,30
"2019_ANPCQ17","NA",10.398630,76.987600,30
"2019_ANPCQ18","NA",10.398760,76.987950,30
"2019_ANPCQ19","NA",10.398600,76.988470,30
"2019_ANPCQ20","NA",10.398090,76.989060,30
"2019_ANPCQ21","NA",10.397630,76.989560,30
"2019_ANPCQ22","NA",10.397040,76.989930,30
"2019_ANPCQ23","NA",10.396460,76.989750,30
"2019_ANPCQ24","NA",10.396070,76.990640,30
"2019_ANPCQ25","NA",10.395880,76.991210,30
"2019_IJPCQ01","NA",10.324010,76.930010,30
"2019_IJPCQ02","NA",10.323390,76.930200,30
"2019_IJPCQ03","NA",10.323250,76.929050,30
"2019_IJPCQ04","NA",10.323040,76.928230,30
"2019_IJPCQ05","NA",10.322680,76.927620,30
"2019_IJPCQ06","NA",10.321890,76.928000,30
"2019_IJPCQ07","NA",10.322410,76.928460,30
"2019_IJPCQ08","NA",10.323830,76.926990,30
"2019_IJPCQ09","NA",10.322560,76.928980,30
"2019_IJPCQ10","NA",10.322390,76.929870,30
"2019_IJPCQ11","NA",10.324210,76.926420,30
"2019_IJPCQ12","NA",10.323630,76.926280,30
"2019_ITPCQ01","NA",10.350010,76.991890,30
"2019_ITPCQ02","NA",10.349860,76.991340,30
"2019_ITPCQ03","NA",10.350680,76.991630,30
"2019_ITPCQ04","NA",10.351290,76.992100,30
"2019_ITPCQ05","NA",10.351590,76.992610,30
"2019_ITPCQ06","NA",10.352320,76.993060,30
"2019_ITPCQ07","NA",10.352870,76.993650,30
"2019_ITPCQ08","NA",10.353530,76.994230,30
"2019_ITPCQ09","NA",10.353960,76.994260,30
"2019_ITPCQ10","NA",10.354660,76.994110,30
"2019_ITPCQ11","NA",10.355320,76.994020,30
"2019_ITPCQ12","NA",10.356000,76.994000,30
"2019_ITPCQ13","NA",10.356580,76.994480,30
"2019_ITPCQ14","NA",10.357280,76.994730,30
"2019_ITPCQ15","NA",10.358220,76.994560,30
"2019_ITPCQ16","NA",10.358510,76.994290,30
"2019_ITPCQ17","NA",10.345690,76.990430,30
"2019_ITPCQ18","NA",10.346490,76.990820,30
"2019_ITPCQ19","NA",10.347100,76.991260,30
"2019_ITPCQ20","NA",10.347670,76.991880,30
"2019_ITPCQ21","NA",10.348270,76.992160,30
"2019_ITPCQ22","NA",10.348620,76.992720,30
"2019_ITPCQ23","NA",10.349360,76.992820,30
"2019_ITPCQ24","NA",10.353360,76.992090,30
"2019_ITPCQ25","NA",10.355370,76.992000,30
"2019_KSPCQ01","NA",10.470370,76.840410,30
"2019_KSPCQ02","NA",10.470600,76.839390,30
"2019_KSPCQ03","NA",10.471260,76.838230,30
"2019_KSPCQ04","NA",10.472120,76.837080,30
"2019_KSPCQ05","NA",10.473120,76.836300,30
"2019_KSPCQ06","NA",10.474070,76.835570,30
"2019_KSPCQ07","NA",10.474770,76.834740,30
"2019_KSPCQ08","NA",10.474730,76.833530,30
"2019_KSPCQ09","NA",10.475730,76.832790,30
"2019_KSPCQ10","NA",10.476530,76.831510,30
"2019_KSPCQ11","NA",10.477800,76.830840,30
"2019_KSPCQ12","NA",10.464640,76.829650,30
"2019_KSPCQ13","NA",10.464650,76.830660,30
"2019_KSPCQ14","NA",10.464640,76.831560,30
"2019_KSPCQ15","NA",10.464480,76.832720,30
"2019_KSPCQ16","NA",10.464780,76.833560,30
"2019_KSPCQ17","NA",10.465230,76.834370,30
"2019_KSPCQ18","NA",10.466950,76.834600,30
"2019_KSPCQ19","NA",10.466180,76.834660,30
"2019_KSPCQ20","NA",10.468170,76.835510,30
"2019_KSPCQ21","NA",10.468950,76.835290,30
"2019_KSPCQ22","NA",10.470040,76.835710,30
"2019_KSPCQ23","NA",10.470830,76.836530,30
"2019_KSPCQ24","NA",10.471700,76.836880,30
"2019_KSPCQ25","NA",10.473360,76.836570,30
"2019_KOPCQ01","NA",10.311430,76.903560,30
"2019_KOPCQ02","NA",10.311600,76.903680,30
"2019_KOPCQ03","NA",10.312240,76.903780,30
"2019_KOPCQ04","NA",10.312350,76.904510,30
"2019_KOPCQ05","NA",10.312210,76.905440,30
"2019_KOPCQ06","NA",10.312050,76.906000,30
"2019_KOPCQ07","NA",10.311870,76.906880,30
"2019_KOPCQ08","NA",10.311110,76.907800,30
"2019_KOPCQ09","NA",10.312120,76.909520,30
"2019_KOPCQ10","NA",10.312200,76.910370,30
"2019_KOPCQ11","NA",10.312200,76.910930,30
"2019_KOPCQ12","NA",10.313110,76.911170,30
"2019_KOPCQ13","NA",10.313760,76.911280,30
"2019_KOPCQ14","NA",10.314220,76.911620,30
"2019_KOPCQ15","NA",10.314240,76.911250,30
"2019_KOPCQ16","NA",10.314330,76.910520,30
"2019_KOPCQ17","NA",10.313930,76.909930,30
"2019_KOPCQ18","NA",10.313780,76.909270,30
"2019_KOPCQ19","NA",10.313730,76.908570,30
"2019_KOPCQ20","NA",10.313710,76.908010,30
"2019_KOPCQ21","NA",10.313470,76.907410,30
"2019_KOPCQ22","NA",10.313170,76.906700,30
"2019_KOPCQ23","NA",10.313230,76.906000,30
"2019_KOPCQ24","NA",10.312730,76.905450,30
"2019_KOPCQ25","NA",10.312350,76.904730,30
"2019_MAPCQ01","NA",10.356760,76.891160,30
"2019_MAPCQ02","NA",10.357070,76.891490,30
"2019_MAPCQ03","NA",10.358660,76.892200,30
"2019_MAPCQ04","NA",10.357450,76.889100,30
"2019_MAPCQ05","NA",10.357020,76.888080,30
"2019_MAPCQ06","NA",10.356390,76.887810,30
"2019_MAPCQ07","NA",10.355670,76.887880,30
"2019_MAPCQ08","NA",10.354820,76.887890,30
"2019_MAPCQ09","NA",10.355950,76.888760,30
"2019_MAPCQ10","NA",10.356080,76.890210,30
"2019_MAPCQ11","NA",10.356650,76.890350,30
"2019_MAPCQ12","NA",10.356770,76.891220,30
"2019_MAPCQ13","NA",10.358150,76.891860,30
"2019_MAPCQ14","NA",10.357670,76.892540,30
"2019_MAPCQ15","NA",10.358740,76.892160,30
"2019_MAPCQ16","NA",10.359530,76.892560,30
"2019_MAPCQ17","NA",10.360150,76.892850,30
"2019_MAPCQ18","NA",10.360960,76.892790,30
"2019_MAPCQ19","NA",10.360780,76.893500,30
"2019_MAPCQ20","NA",10.360130,76.893580,30
"2019_MAPCQ21","NA",10.358980,76.893150,30
"2019_MAPCQ22","NA",10.358300,76.893090,30
"2019_MAPCQ23","NA",10.357610,76.893070,30
"2019_MAPCQ24","NA",10.350060,76.897600,30
"2019_MAPCQ25","NA",10.349920,76.896640,30
"2019_BBPCQ01","NA",10.303800,76.872040,30
"2019_BBPCQ02","NA",10.304170,76.872860,30
"2019_BBPCQ03","NA",10.304770,76.873080,30
"2019_BBPCQ04","NA",10.305220,76.873350,30
"2019_BBPCQ05","NA",10.306060,76.873190,30
"2019_BBPCQ06","NA",10.306620,76.872970,30
"2019_BBPCQ07","NA",10.307030,76.872600,30
"2019_BBPCQ08","NA",10.307660,76.872290,30
"2019_BBPCQ09","NA",10.307900,76.872010,30
"2019_BBPCQ10","NA",10.303890,76.873920,30
"2019_MSPCQ01","NA",10.299600,76.870040,30
"2019_MSPCQ02","NA",10.300430,76.871690,30
"2019_MSPCQ03","NA",10.301280,76.871810,30
"2019_MSPCQ04","NA",10.295930,76.862310,30
"2019_MSPCQ05","NA",10.296100,76.863260,30
"2019_MSPCQ06","NA",10.296190,76.863930,30
"2019_MSPCQ07","NA",10.293230,76.862220,30
"2019_MSPCQ08","NA",10.295260,76.863050,30
"2019_MSPCQ09","NA",10.294720,76.862390,30
"2019_MSPCQ10","NA",10.294240,76.862950,30
"2019_MSPCQ11","NA",10.293540,76.862960,30
"2019_MSPCQ12","NA",10.293760,76.861700,30
"2019_MSPCQ13","NA",10.293940,76.861010,30
"2019_MSPCQ14","NA",10.294850,76.860630,30
"2019_MSPCQ15","NA",10.295260,76.860090,30
"2019_MSPCQ16","NA",10.293070,76.852550,30
"2019_MSPCQ17","NA",10.292380,76.852380,30
"2019_MSPCQ18","NA",10.291580,76.852160,30
"2019_MSPCQ19","NA",10.291150,76.851480,30
"2019_MSPCQ20","NA",10.291040,76.850600,30
"2019_MSPCQ21","NA",10.290260,76.850170,30
"2019_MSPCQ22","NA",10.298580,76.850390,30
"2019_MSPCQ23","NA",10.288820,76.850540,30
"2019_MSPCQ24","NA",10.287500,76.851230,30
"2019_MSPCQ25","NA",10.286870,76.851790,30
"2019_OVPCQ01","NA",10.347590,76.933890,30
"2019_OVPCQ02","NA",10.347530,76.934140,30
"2019_OVPCQ03","NA",10.347330,76.933720,30
"2019_OVPCQ04","NA",10.346940,76.933720,30
"2019_OVPCQ05","NA",10.346790,76.933270,30
"2019_OVPCQ06","NA",10.346490,76.933220,30
"2019_OVPCQ07","NA",10.346000,76.932830,30
"2019_OVPCQ08","NA",10.345870,76.932450,30
"2019_OVPCQ09","NA",10.346190,76.931850,30
"2019_OVPCQ10","NA",10.346260,76.931100,30
"2019_OVPCQ11","NA",10.346560,76.930620,30
"2019_OVPCQ12","NA",10.347150,76.930110,30
"2019_OVPCQ13","NA",10.347650,76.930450,30
"2019_OVPCQ14","NA",10.348550,76.933770,30
"2019_OVPCQ15","NA",10.348390,76.933220,30
"2019_OVPCQ16","NA",10.348660,76.934770,30
"2019_OVPCQ17","NA",10.348010,76.932830,30
"2019_OVPCQ18","NA",10.347870,76.932270,30
"2019_OVPCQ19","NA",10.347880,76.931680,30
"2019_OVPCQ20","NA",10.348220,76.931060,30
"2019_OVPCQ21","NA",10.348230,76.930500,30
"2019_OVPCQ22","NA",10.348120,76.929790,30
"2019_OVPCQ23","NA",10.347670,76.929380,30
"2019_OVPCQ24","NA",10.347150,76.929380,30
"2019_OVPCQ25","NA",10.347240,76.929980,30
"2019_OVPCQ26","NA",10.347860,76.930040,30
"2019_PAPCQ01","NA",10.297910,76.890900,30
"2019_PAPCQ02","NA",10.298610,76.890860,30
"2019_PAPCQ03","NA",10.299130,76.891190,30
"2019_PAPCQ04","NA",10.297730,76.891740,30
"2019_PAPCQ05","NA",10.297310,76.892080,30
"2019_PAPCQ06","NA",10.296950,76.892310,30
"2019_PAPCQ07","NA",10.296530,76.892470,30
"2019_PAPCQ08","NA",10.301090,76.891520,30
"2019_PAPCQ09","NA",10.300310,76.891080,30
"2019_PAPCQ10","NA",10.299390,76.891090,30
"2019_PAPCQ11","NA",10.289770,76.891000,30
"2019_PAPCQ12","NA",10.298590,76.891690,30
"2019_PAPCQ13","NA",10.299190,76.891470,30
"2019_PAPCQ14","NA",10.299570,76.891970,30
"2019_PAPCQ15","NA",10.300190,76.891940,30
"2019_PAPCQ16","NA",10.299910,76.892710,30
"2019_PAPCQ17","NA",10.299110,76.893770,30
"2019_PAPCQ18","NA",10.299410,76.893220,30
"2019_PAPCQ19","NA",10.298960,76.894360,30
"2019_PAPCQ20","NA",10.299610,76.894420,30
"2019_PAPCQ21","NA",10.299470,76.895040,30
"2019_PAPCQ22","NA",10.298580,76.895430,30
"2019_PAPCQ23","NA",10.298050,76.895260,30
"2019_PAPCQ24","NA",10.298660,76.895440,30
"2019_PAPCQ25","NA",10.299270,76.895610,30
"2019_PUPCQ01","NA",10.339690,76.967640,30
"2019_PUPCQ02","NA",10.339780,76.968500,30
"2019_PUPCQ03","NA",10.338850,76.968600,30
"2019_PUPCQ04","NA",10.338580,76.969340,30
"2019_PUPCQ05","NA",10.338230,76.970080,30
"2019_PUPCQ06","NA",10.337530,76.969590,30
"2019_PUPCQ07","NA",10.337290,76.968670,30
"2019_PUPCQ08","NA",10.337180,76.969240,30
"2019_PUPCQ09","NA",10.336820,76.969830,30
"2019_PUPCQ10","NA",10.337350,76.970470,30
"2019_PUPCQ11","NA",10.337730,76.971080,30
"2019_PUPCQ12","NA",10.337530,76.971790,30
"2019_PUPCQ13","NA",10.337660,76.972540,30
"2019_PUPCQ14","NA",10.338600,76.972750,30
"2019_PUPCQ15","NA",10.339190,76.972360,30
"2019_PUPCQ16","NA",10.338860,76.971600,30
"2019_PUPCQ17","NA",10.338580,76.970910,30
"2019_PUPCQ18","NA",10.338650,76.970170,30
"2019_PUPCQ19","NA",10.339090,76.969510,30
"2019_PUPCQ20","NA",10.339450,76.968700,30
"2019_PUPCQ21","NA",10.339920,76.969390,30
"2019_PUPCQ22","NA",10.340660,76.970040,30
"2019_PUPCQ23","NA",10.341300,76.970510,30
"2019_PUPCQ24","NA",10.342040,76.970740,30
"2019_PUPCQ25","NA",10.340860,76.968580,30
"2019_SLPCQ01","NA",10.338380,76.934680,30
"2019_SLPCQ02","NA",10.337790,76.934990,30
"2019_SLPCQ03","NA",10.337790,76.934990,30
"2019_SLPCQ04","NA",10.337560,76.935670,30
"2019_SLPCQ05","NA",10.337590,76.936050,30
"2019_SLPCQ06","NA",10.338820,76.934470,30
"2019_SLPCQ07","NA",10.338740,76.934500,30
"2019_SLPCQ08","NA",10.338610,76.934810,30
"2019_SLPCQ09","NA",10.338280,76.934940,30
"2019_SLPCQ10","NA",10.338110,76.935350,30
"2019_SLPCQ11","NA",10.337880,76.935810,30
"2019_VAPCQ01","NA",10.423660,76.884810,30
"2019_VAPCQ02","NA",10.422880,76.884240,30
"2019_VAPCQ03","NA",10.422930,76.883170,30
"2019_VAPCQ04","NA",10.422350,76.882360,30
"2019_VAPCQ05","NA",10.421590,76.881430,30
"2019_VAPCQ06","NA",10.420810,76.881310,30
"2019_VAPCQ07","NA",10.421240,76.880560,30
"2019_VAPCQ08","NA",10.421560,76.879430,30
"2019_VAPCQ09","NA",10.421330,76.875720,30
"2019_VAPCQ10","NA",10.421070,76.874850,30
"2019_VAPCQ11","NA",10.420780,76.873760,30
"2019_VAPCQ12","NA",10.421140,76.872950,30
"2019_VAPCQ13","NA",10.420810,76.871970,30
"2019_VAPCQ14","NA",10.420440,76.871140,30
"2019_VAPCQ15","NA",10.420500,76.870120,30
"2019_VAPCQ16","NA",10.420670,76.869340,30
"2019_VAPCQ17","NA",10.420170,76.868600,30
"2019_VAPCQ18","NA",10.419730,76.869410,30
"2019_VAPCQ19","NA",10.419290,76.870200,30
"2019_VAPCQ20","NA",10.419160,76.871020,30
"2019_VAPCQ21","NA",10.419000,76.872160,30
"2019_VAPCQ22","NA",10.418320,76.871150,30
"2019_VAPCQ23","NA",10.418010,76.873370,30
"2019_VAPCQ24","NA",10.417610,76.874580,30
"2019_VAPCQ25","NA",10.418020,76.875040,30
"2019_VTPCQ01","NA",10.356140,76.929550,30
"2019_VTPCQ02","NA",10.356580,76.929700,30
"2019_VTPCQ03","NA",10.355580,76.929950,30
"2019_VTPCQ04","NA",10.355290,76.930450,30
"2019_VTPCQ05","NA",10.354660,76.930790,30
"2019_VTPCQ06","NA",10.354140,76.930330,30
"2019_VTPCQ07","NA",10.353550,76.929850,30
"2019_VTPCQ08","NA",10.352860,76.929170,30
"2019_VTPCQ09","NA",10.352350,76.928550,30
"2019_VTPCQ10","NA",10.352290,76.927830,30
"2019_VTPCQ11","NA",10.352140,76.926980,30
"2019_VTPCQ12","NA",10.351990,76.926110,30
"2019_V4PCQ01","NA",10.346410,76.920850,30
"2019_V4PCQ02","NA",10.346140,76.921110,30
"2019_V4PCQ03","NA",10.345900,76.921460,30
"2019_V4PCQ04","NA",10.345570,76.921660,30
"2019_V4PCQ05","NA",10.345090,76.922260,30
"2019_V4PCQ06","NA",10.345450,76.922880,30
"2019_V4PCQ07","NA",10.345760,76.923350,30
"2019_V4PCQ08","NA",10.345130,76.923610,30
"2019_V4PCQ09","NA",10.344950,76.923960,30
"2019_V4PCQ10","NA",10.347230,76.920890,30
"2005_Andiparai_1","NA",10.397607,76.989666,200
"2005_Andiparai_10","NA",10.397607,76.989666,200
"2005_Andiparai_11","NA",10.397607,76.989666,200
"2005_Andiparai_12","NA",10.397607,76.989666,200
"2005_Andiparai_13","NA",10.397607,76.989666,200
"2005_Andiparai_14","NA",10.397607,76.989666,200
"2005_Andiparai_15","NA",10.397607,76.989666,200
"2005_Andiparai_16","NA",10.397607,76.989666,200
"2005_Andiparai_17","NA",10.397607,76.989666,200
"2005_Andiparai_18","NA",10.397607,76.989666,200
"2005_Andiparai_19","NA",10.397607,76.989666,200
"2005_Andiparai_2","NA",10.397607,76.989666,200
"2005_Andiparai_20","NA",10.397607,76.989666,200
"2005_Andiparai_21","NA",10.397607,76.989666,200
"2005_Andiparai_22","NA",10.397607,76.989666,200
"2005_Andiparai_23","NA",10.397607,76.989666,200
"2005_Andiparai_24","NA",10.397607,76.989666,200
"2005_Andiparai_25","NA",10.397607,76.989666,200
"2005_Andiparai_3","NA",10.397607,76.989666,200
"2005_Andiparai_4","NA",10.397607,76.989666,200
"2005_Andiparai_5","NA",10.397607,76.989666,200
"2005_Andiparai_6","NA",10.397607,76.989666,200
"2005_Andiparai_7","NA",10.397607,76.989666,200
"2005_Andiparai_8","NA",10.397607,76.989666,200
"2005_Andiparai_9","NA",10.397607,76.989666,200
"2005_Injipara_1","NA",10.32346,76.928694,200
"2005_Injipara_10","NA",10.32346,76.928694,200
"2005_Injipara_11","NA",10.32346,76.928694,200
"2005_Injipara_12","NA",10.32346,76.928694,200
"2005_Injipara_13","NA",10.32346,76.928694,200
"2005_Injipara_14","NA",10.32346,76.928694,200
"2005_Injipara_15","NA",10.32346,76.928694,200
"2005_Injipara_16","NA",10.32346,76.928694,200
"2005_Injipara_17","NA",10.32346,76.928694,200
"2005_Injipara_18","NA",10.32346,76.928694,200
"2005_Injipara_19","NA",10.32346,76.928694,200
"2005_Injipara_2","NA",10.32346,76.928694,200
"2005_Injipara_20","NA",10.32346,76.928694,200
"2005_Injipara_21","NA",10.32346,76.928694,200
"2005_Injipara_22","NA",10.32346,76.928694,200
"2005_Injipara_23","NA",10.32346,76.928694,200
"2005_Injipara_24","NA",10.32346,76.928694,200
"2005_Injipara_3","NA",10.32346,76.928694,200
"2005_Injipara_4","NA",10.32346,76.928694,200
"2005_Injipara_5","NA",10.32346,76.928694,200
"2005_Injipara_6","NA",10.32346,76.928694,200
"2005_Injipara_7","NA",10.32346,76.928694,200
"2005_Injipara_8","NA",10.32346,76.928694,200
"2005_Injipara_9","NA",10.32346,76.928694,200
"2005_Iyerpadi – Akkamalai_1","36hp",10.368692,76.995555,200
"2005_Iyerpadi – Akkamalai_10","36hp",10.368692,76.995555,200
"2005_Iyerpadi – Akkamalai_11","36hp",10.368692,76.995555,200
"2005_Iyerpadi – Akkamalai_12","36hp",10.368692,76.995555,200
"2005_Iyerpadi – Akkamalai_13","36hp",10.368692,76.995555,200
"2005_Iyerpadi – Akkamalai_14","36hp",10.368692,76.995555,200
"2005_Iyerpadi – Akkamalai_15","36hp",10.368692,76.995555,200
"2005_Iyerpadi – Akkamalai_16","36hp",10.368692,76.995555,200
"2005_Iyerpadi – Akkamalai_17","36hp",10.368692,76.995555,200
"2005_Iyerpadi – Akkamalai_18","36hp",10.368692,76.995555,200
"2005_Iyerpadi – Akkamalai_19","36hp",10.368692,76.995555,200
"2005_Iyerpadi – Akkamalai_2","36hp",10.368692,76.995555,200
"2005_Iyerpadi – Akkamalai_20","36hp",10.368692,76.995555,200
"2005_Iyerpadi – Akkamalai_21","36hp",10.368692,76.995555,200
"2005_Iyerpadi – Akkamalai_22","36hp",10.368692,76.995555,200
"2005_Iyerpadi – Akkamalai_23","36hp",10.368692,76.995555,200
"2005_Iyerpadi – Akkamalai_24","36hp",10.368692,76.995555,200
"2005_Iyerpadi – Akkamalai_25","36hp",10.368692,76.995555,200
"2005_Iyerpadi – Akkamalai_26","36hp",10.368692,76.995555,200
"2005_Iyerpadi – Akkamalai_27","36hp",10.368692,76.995555,200
"2005_Iyerpadi – Akkamalai_28","36hp",10.368692,76.995555,200
"2005_Iyerpadi – Akkamalai_29","akm",10.333438,77.02077,200
"2005_Iyerpadi – Akkamalai_3","36hp",10.368692,76.995555,200
"2005_Iyerpadi – Akkamalai_30","akm",10.333438,77.02077,200
"2005_Iyerpadi – Akkamalai_31","akm",10.333438,77.02077,200
"2005_Iyerpadi – Akkamalai_32","akm",10.333438,77.02077,200
"2005_Iyerpadi – Akkamalai_33","akm",10.333438,77.02077,200
"2005_Iyerpadi – Akkamalai_34","akm",10.333438,77.02077,200
"2005_Iyerpadi – Akkamalai_35","akm",10.333438,77.02077,200
"2005_Iyerpadi – Akkamalai_36","akm",10.333438,77.02077,200
"2005_Iyerpadi – Akkamalai_37","akm",10.333438,77.02077,200
"2005_Iyerpadi – Akkamalai_38","akm",10.333438,77.02077,200
"2005_Iyerpadi – Akkamalai_39","akm",10.333438,77.02077,200
"2005_Iyerpadi – Akkamalai_4","36hp",10.368692,76.995555,200
"2005_Iyerpadi – Akkamalai_40","akm",10.333438,77.02077,200
"2005_Iyerpadi – Akkamalai_41","akm",10.333438,77.02077,200
"2005_Iyerpadi – Akkamalai_42","akm",10.333438,77.02077,200
"2005_Iyerpadi – Akkamalai_43","akm",10.333438,77.02077,200
"2005_Iyerpadi – Akkamalai_44","akm",10.333438,77.02077,200
"2005_Iyerpadi – Akkamalai_45","akm",10.333438,77.02077,200
"2005_Iyerpadi – Akkamalai_46","akm",10.333438,77.02077,200
"2005_Iyerpadi – Akkamalai_47","akm",10.333438,77.02077,200
"2005_Iyerpadi – Akkamalai_48","akm",10.333438,77.02077,200
"2005_Iyerpadi – Akkamalai_49","akm",10.333438,77.02077,200
"2005_Iyerpadi – Akkamalai_5","36hp",10.368692,76.995555,200
"2005_Iyerpadi – Akkamalai_50","akm",10.333438,77.02077,200
"2005_Iyerpadi – Akkamalai_51","akm",10.333438,77.02077,200
"2005_Iyerpadi – Akkamalai_6","36hp",10.368692,76.995555,200
"2005_Iyerpadi – Akkamalai_7","36hp",10.368692,76.995555,200
"2005_Iyerpadi – Akkamalai_8","36hp",10.368692,76.995555,200
"2005_Iyerpadi – Akkamalai_9","36hp",10.368692,76.995555,200
"2005_Korangumudi_1","NA",10.312675,76.91016,200
"2005_Korangumudi_10","NA",10.312675,76.91016,200
"2005_Korangumudi_11","NA",10.312675,76.91016,200
"2005_Korangumudi_12","NA",10.312675,76.91016,200
"2005_Korangumudi_13","NA",10.312675,76.91016,200
"2005_Korangumudi_14","NA",10.312675,76.91016,200
"2005_Korangumudi_15","NA",10.312675,76.91016,200
"2005_Korangumudi_16","NA",10.312675,76.91016,200
"2005_Korangumudi_17","NA",10.312675,76.91016,200
"2005_Korangumudi_18","NA",10.312675,76.91016,200
"2005_Korangumudi_19","NA",10.312675,76.91016,200
"2005_Korangumudi_2","NA",10.312675,76.91016,200
"2005_Korangumudi_20","NA",10.312675,76.91016,200
"2005_Korangumudi_21","NA",10.312675,76.91016,200
"2005_Korangumudi_22","NA",10.312675,76.91016,200
"2005_Korangumudi_23","NA",10.312675,76.91016,200
"2005_Korangumudi_24","NA",10.312675,76.91016,200
"2005_Korangumudi_25","NA",10.312675,76.91016,200
"2005_Korangumudi_3","NA",10.312675,76.91016,200
"2005_Korangumudi_4","NA",10.312675,76.91016,200
"2005_Korangumudi_5","NA",10.312675,76.91016,200
"2005_Korangumudi_6","NA",10.312675,76.91016,200
"2005_Korangumudi_7","NA",10.312675,76.91016,200
"2005_Korangumudi_8","NA",10.312675,76.91016,200
"2005_Korangumudi_9","NA",10.312675,76.91016,200
"2005_Manamboli_1","NA",10.348778,76.895241,200
"2005_Manamboli_10","NA",10.348778,76.895241,200
"2005_Manamboli_11","NA",10.348778,76.895241,200
"2005_Manamboli_12","NA",10.348778,76.895241,200
"2005_Manamboli_13","NA",10.348778,76.895241,200
"2005_Manamboli_14","NA",10.348778,76.895241,200
"2005_Manamboli_15","NA",10.348778,76.895241,200
"2005_Manamboli_16","NA",10.348778,76.895241,200
"2005_Manamboli_17","NA",10.348778,76.895241,200
"2005_Manamboli_18","NA",10.348778,76.895241,200
"2005_Manamboli_19","NA",10.348778,76.895241,200
"2005_Manamboli_2","NA",10.348778,76.895241,200
"2005_Manamboli_20","NA",10.348778,76.895241,200
"2005_Manamboli_21","NA",10.348778,76.895241,200
"2005_Manamboli_22","NA",10.348778,76.895241,200
"2005_Manamboli_23","NA",10.348778,76.895241,200
"2005_Manamboli_24","NA",10.348778,76.895241,200
"2005_Manamboli_25","NA",10.348778,76.895241,200
"2005_Manamboli_3","NA",10.348778,76.895241,200
"2005_Manamboli_4","NA",10.348778,76.895241,200
"2005_Manamboli_5","NA",10.348778,76.895241,200
"2005_Manamboli_6","NA",10.348778,76.895241,200
"2005_Manamboli_7","NA",10.348778,76.895241,200
"2005_Manamboli_8","NA",10.348778,76.895241,200
"2005_Manamboli_9","NA",10.348778,76.895241,200
"2005_Old Valparai_1","NA",10.347278,76.932254,200
"2005_Old Valparai_10","NA",10.347278,76.932254,200
"2005_Old Valparai_11","NA",10.347278,76.932254,200
"2005_Old Valparai_12","NA",10.347278,76.932254,200
"2005_Old Valparai_13","NA",10.347278,76.932254,200
"2005_Old Valparai_14","NA",10.347278,76.932254,200
"2005_Old Valparai_15","NA",10.347278,76.932254,200
"2005_Old Valparai_16","NA",10.347278,76.932254,200
"2005_Old Valparai_17","NA",10.347278,76.932254,200
"2005_Old Valparai_18","NA",10.347278,76.932254,200
"2005_Old Valparai_19","NA",10.347278,76.932254,200
"2005_Old Valparai_2","NA",10.347278,76.932254,200
"2005_Old Valparai_20","NA",10.347278,76.932254,200
"2005_Old Valparai_21","NA",10.347278,76.932254,200
"2005_Old Valparai_22","NA",10.347278,76.932254,200
"2005_Old Valparai_23","NA",10.347278,76.932254,200
"2005_Old Valparai_24","NA",10.347278,76.932254,200
"2005_Old Valparai_3","NA",10.347278,76.932254,200
"2005_Old Valparai_4","NA",10.347278,76.932254,200
"2005_Old Valparai_5","NA",10.347278,76.932254,200
"2005_Old Valparai_6","NA",10.347278,76.932254,200
"2005_Old Valparai_7","NA",10.347278,76.932254,200
"2005_Old Valparai_8","NA",10.347278,76.932254,200
"2005_Old Valparai_9","NA",10.347278,76.932254,200
"2005_Pannimade_1","NA",10.298994,76.892244,200
"2005_Pannimade_10","NA",10.298994,76.892244,200
"2005_Pannimade_11","NA",10.298994,76.892244,200
"2005_Pannimade_12","NA",10.298994,76.892244,200
"2005_Pannimade_13","NA",10.298994,76.892244,200
"2005_Pannimade_14","NA",10.298994,76.892244,200
"2005_Pannimade_15","NA",10.298994,76.892244,200
"2005_Pannimade_16","NA",10.298994,76.892244,200
"2005_Pannimade_17","NA",10.298994,76.892244,200
"2005_Pannimade_18","NA",10.298994,76.892244,200
"2005_Pannimade_19","NA",10.298994,76.892244,200
"2005_Pannimade_2","NA",10.298994,76.892244,200
"2005_Pannimade_20","NA",10.298994,76.892244,200
"2005_Pannimade_21","NA",10.298994,76.892244,200
"2005_Pannimade_22","NA",10.298994,76.892244,200
"2005_Pannimade_23","NA",10.298994,76.892244,200
"2005_Pannimade_24","NA",10.298994,76.892244,200
"2005_Pannimade_25","NA",10.298994,76.892244,200
"2005_Pannimade_26","NA",10.298994,76.892244,200
"2005_Pannimade_3","NA",10.298994,76.892244,200
"2005_Pannimade_4","NA",10.298994,76.892244,200
"2005_Pannimade_5","NA",10.298994,76.892244,200
"2005_Pannimade_6","NA",10.298994,76.892244,200
"2005_Pannimade_7","NA",10.298994,76.892244,200
"2005_Pannimade_8","NA",10.298994,76.892244,200
"2005_Pannimade_9","NA",10.298994,76.892244,200
"2005_Puthuthottam_1","NA",10.338319,76.967501,200
"2005_Puthuthottam_10","NA",10.338319,76.967501,200
"2005_Puthuthottam_11","NA",10.338319,76.967501,200
"2005_Puthuthottam_12","NA",10.338319,76.967501,200
"2005_Puthuthottam_13","NA",10.338319,76.967501,200
"2005_Puthuthottam_14","NA",10.338319,76.967501,200
"2005_Puthuthottam_15","NA",10.338319,76.967501,200
"2005_Puthuthottam_16","NA",10.338319,76.967501,200
"2005_Puthuthottam_17","NA",10.338319,76.967501,200
"2005_Puthuthottam_18","NA",10.338319,76.967501,200
"2005_Puthuthottam_19","NA",10.338319,76.967501,200
"2005_Puthuthottam_2","NA",10.338319,76.967501,200
"2005_Puthuthottam_20","NA",10.338319,76.967501,200
"2005_Puthuthottam_21","NA",10.338319,76.967501,200
"2005_Puthuthottam_22","NA",10.338319,76.967501,200
"2005_Puthuthottam_23","NA",10.338319,76.967501,200
"2005_Puthuthottam_24","NA",10.338319,76.967501,200
"2005_Puthuthottam_25","NA",10.338319,76.967501,200
"2005_Puthuthottam_3","NA",10.338319,76.967501,200
"2005_Puthuthottam_4","NA",10.338319,76.967501,200
"2005_Puthuthottam_5","NA",10.338319,76.967501,200
"2005_Puthuthottam_6","NA",10.338319,76.967501,200
"2005_Puthuthottam_7","NA",10.338319,76.967501,200
"2005_Puthuthottam_8","NA",10.338319,76.967501,200
"2005_Puthuthottam_9","NA",10.338319,76.967501,200
"2005_Varattuparai 1-3_1","NA",10.354856,76.930115,200
"2005_Varattuparai 1-3_10","NA",10.354856,76.930115,200
"2005_Varattuparai 1-3_11","NA",10.354856,76.930115,200
"2005_Varattuparai 1-3_12","NA",10.354856,76.930115,200
"2005_Varattuparai 1-3_13","NA",10.354856,76.930115,200
"2005_Varattuparai 1-3_14","NA",10.354856,76.930115,200
"2005_Varattuparai 1-3_15","NA",10.354856,76.930115,200
"2005_Varattuparai 1-3_2","NA",10.354856,76.930115,200
"2005_Varattuparai 1-3_3","NA",10.354856,76.930115,200
"2005_Varattuparai 1-3_4","NA",10.354856,76.930115,200
"2005_Varattuparai 1-3_5","NA",10.354856,76.930115,200
"2005_Varattuparai 1-3_6","NA",10.354856,76.930115,200
"2005_Varattuparai 1-3_7","NA",10.354856,76.930115,200
"2005_Varattuparai 1-3_8","NA",10.354856,76.930115,200
"2005_Varattuparai 1-3_9","NA",10.354856,76.930115,200
