S_No.,Site_name,Site_ID,Treatment,Lat_final,Long_final,dist_PA,CanCover
1,Iyerpadi Top,IPTO_04U,Fragment,10.35028,76.98968,1088.9774771178,35
2,Iyerpadi Top,IPTO_05U,Fragment,10.3502,76.98984,1077.00811320039,35
3,Selaliparai 1,SEL1_07U,Fragment,10.33783,76.93429,2041.23724032908,40
4,Selaliparai 2,SEL2_07U,Fragment,10.34395,76.93364,1489.54029570434,88.5
5,Iyerpadi-Akkamalai,HP40_05U,Fragment,10.36707,76.99002,578.501007462812,20
6,Iyerpadi-Akkamalai,HP40_08U,Fragment,10.36812,76.99062,492.383818262196,25
7,Old Valparai,OLV2_08U,Fragment,10.3517,76.93798,1342.40372489344,40
8,Old Valparai,OLV1_10U,Fragment,10.35079,76.9368,1276.83055069909,20
9,Varattuparai 2,VAR2_10U,Fragment,10.34901,76.91976,62.8405178281244,20
10,Varattuparai 3,VAR3_10U,Fragment,10.34875,76.9193,56.6708764029106,20
11,Varattuparai 4,VAR4_10U,Fragment,10.3467,76.92072,331.590186609453,75
12,Iyerpadi Top,IPCO_07U,Fragment,10.35952,76.99557,250.408507341901,0
13,Iyerpadi Top,IPCO_08U,Fragment,10.35956,76.99491,322.253771353187,0
14,Iyerpadi Top,IPTO_06U,Fragment,10.34976,76.98991,1091.16355704892,0
15,Iyerpadi Top,IPTO_07U,Fragment,10.34987,76.98985,1091.82154893174,0
16,Thenmalai,THEN_10U,Fragment,10.35466,76.93964,1417.35765455723,0
17,Candura,CH05_08U,Fragment,10.30674099,76.83482091,574.626635634193,50
18,Candura,CH06_09U,Fragment,10.30674617,76.83390807,477.956445341689,75
19,Iyerpadi-Akkamalai,HP37_P1B,Benchmark,10.3727,76.99353,0,85
20,Iyerpadi-Akkamalai,HP37_P2B,Benchmark,10.37457,76.99343,0,60
21,Iyerpadi-Akkamalai,HP37_P3B,Benchmark,10.37526,76.99171,0,80
22,Iyerpadi-Akkamalai,HP37_P4B,Benchmark,10.37456,76.99097,0,75
23,Iyerpadi-Akkamalai,HP36_P1B,Benchmark,10.36442,76.99772,0,80
24,Iyerpadi-Akkamalai,HP36_P2B,Benchmark,10.3638,76.99726,0,75
25,Iyerpadi-Akkamalai,HP36_P3B,Benchmark,10.36657,76.99734,0,65
26,Iyerpadi-Akkamalai,HP36_P4B,Benchmark,10.36889,76.99519,0,70
27,Old Kavarkal,OLCA_P1B,Benchmark,10.37132,76.97489,104.703123194378,70
28,Old Kavarkal,OLCA_P2B,Benchmark,10.37068,76.97376,89.9483663114964,55
29,Manamboli,UPMA_P1B,Benchmark,10.3477,76.89621,0,75
30,Manamboli,UPMA_P2B,Benchmark,10.34762,76.89461,0,70
31,Manamboli,UPMA_P3B,Benchmark,10.34778,76.89386,0,80
32,Manamboli,UPMA_P4B,Benchmark,10.34822,76.89232,0,80
33,Manamboli,UPMA_P5B,Benchmark,10.3486,76.89059,0,75
34,Stanmore,STM2_04U,Fragment,10.32936,76.93313,2682.61101135183,5
35,Stanmore,STM1_02U,Fragment,10.3301,76.93306,2611.7445973629,5
36,Stanmore,STIN_02U,Fragment,10.32914,76.93286,2685.03467066891,10
37,Injipara,INOA_03U,Fragment,10.32413,76.92426,2797.98637599789,20
38,Injipara,INBS_04U,Fragment,10.32487,76.92616,2774.72947638802,5
39,Injipara,INDS_03U,Fragment,10.32414,76.92998,3002.85561010353,85
40,Injipara,INME_03U,Fragment,10.32322,76.92351,2879.04402693019,45
41,Pannimade,PANM_P1B,Fragment,10.29779,76.8932,3126.02211159522,95
42,Pannimade,PANM_P2B,Fragment,10.29697,76.89266,3021.3605175146,85
43,Pannimade,PANM_P3B,Fragment,10.29629,76.89201,2928.18279888063,100
44,Pannimade,PANM_P4B,Fragment,10.29793,76.89453,3189.67913704643,38
45,Manamboli,UPMA_P6B,Benchmark,10.34717,76.89074,48.3987242615618,100
46,Puthuthottam,PTTM_P1D,Fragment,10.33952,76.96782,2748.68634240037,75
47,Puthuthottam,PTTM_P2D,Fragment,10.33872,76.96769,2831.87572868572,90
48,Sirikundra,SIRK_P1D,Fragment,10.31167,76.95877,3171.2257226918,100
49,Sirikundra,SIRK_P2D,Fragment,10.31081,76.95982,3021.97259669545,95
50,Sirikundra,SIRK_P3D,Fragment,10.31213,76.95985,3112.57924459222,100
51,Old Kavarkal,OLCA_P3B,Benchmark,10.37043,76.97517,207.600652412477,99
52,Old Kavarkal,OLCA_P4B,Benchmark,10.36989,76.97445,205.359472409318,97
53,Old Kavarkal,OLCA_P5B,Benchmark,10.36953,76.97558,314.893531615907,66
54,Candura,J07,Fragment,10.30804,76.83481,556.833845732646,35
55,Candura,L17,Fragment,10.3167,76.83305,134.115059454284,85
56,Candura,L16,Fragment,10.31579,76.83305,165.26886912626,95
57,Candura,M17,Fragment,10.3167,76.83214,39.7347952768938,95
58,Candura,N14,Fragment,10.31399,76.83121,33.6508967771763,95
59,Candura,K13,Fragment,10.31307,76.83395,350.529794364171,90
60,Candura,K15,Fragment,10.31488,76.83396,290.803430687741,85
61,Candura,K11,Fragment,10.31127,76.83393,398.844106446547,85
62,Candura,N10,Fragment,10.31038,76.83119,129.649091477805,95
63,Candura,L12,Fragment,10.31217,76.83302,278.813911437667,80
64,Candura,L09,Fragment,10.30946,76.83301,347.167803866922,100
65,Candura,K08,Fragment,10.30855,76.83392,460.343625779737,90
66,Candura,L07,Fragment,10.30766,76.833,360.282451266986,90
67,Candura,J06,Fragment,10.30674,76.83482,574.556009386181,60
68,Candura,F03,Fragment,10.30401,76.83846,430.510383427721,75
69,Candura,L05,Fragment,10.30585,76.83299,417.985197760979,NA
70,Candura,E04,Fragment,10.30491,76.83938,549.58985814229,65
71,Candura,D02,Fragment,10.30309,76.84028,407.232093926357,65
72,Candura,J12,Fragment,10.31216,76.83845,850.776754762998,80
73,Candura,N12,Fragment,10.31219,76.8312,84.3507674303588,100
74,Candura,M12,Fragment,10.31218,76.83211,181.582345096483,80
75,Candura,K12,Fragment,10.31217,76.83394,376.854965238744,75
76,Candura,N13,Fragment,10.31309,76.82121,61.2967736703455,100
77,Candura,L14,Fragment,10.31398,76.83304,224.994761026536,70
78,Candura,K14,Fragment,10.31398,76.83395,319.976885670875,90
79,Candura,M14,Fragment,10.31399,76.83212,128.63309688024,100
80,Candura,M13,Fragment,10.31308,76.83212,159.185426661792,100
81,Candura,L13,Fragment,10.31308,76.83303,254.167875797032,80
82,Candura,N11,Fragment,10.31128,76.8312,107.66086678758,65
83,Candura,M11,Fragment,10.31128,76.83211,204.636576283342,95
84,Candura,L11,Fragment,10.31127,76.83302,301.868429124934,100
85,Candura,J11,Fragment,10.31126,76.83485,497.141600062697,75
86,Candura,B02,Fragment,10.30308,76.8421,543.363052022858,70
87,Candura,C02,Fragment,10.30309,76.84119,472.543147969207,95
88,Candura,E02,Fragment,10.3031,76.83936,358.724830240608,100
89,Candura,F02,Fragment,10.3031,76.83845,331.836583395017,90
90,Candura,C01,Fragment,10.3021,76.84118,396.047823529765,85
91,Candura,B01,Fragment,10.30218,76.8421,481.994241303218,90
92,Candura,A01,Fragment,10.30217,76.84301,553.04795810372,100
93,Candura,H03,Fragment,10.30402,76.83663,335.06864490863,75
94,Candura,G03,Fragment,10.30401,76.83754,385.341128644253,75
95,Candura,E03,Fragment,10.304,76.83937,452.620928882981,65
96,Candura,D03,Fragment,10.304,76.84028,492.391368606982,25
97,Candura,C03,Fragment,10.30399,76.8412,547.447034110481,50
98,Candura,I03,Fragment,10.30402,76.83572,306.681008456588,100
99,Candura,H04,Fragment,10.30492,76.83664,428.399167260158,90
100,Candura,G04,Fragment,10.30492,76.83755,469.721231475536,90
101,Candura,F04,Fragment,10.30491,76.83846,526.049750911913,55
102,Candura,G07,Fragment,10.30763,76.83756,744.669387204099,100
103,Candura,F05,Fragment,10.30582,76.83847,607.571786758768,60
104,Candura,G05,Fragment,10.30582,76.83755,558.049570192316,90
105,Candura,G06,Fragment,10.30673,76.83756,651.063035430502,50
106,Candura,L06,Fragment,10.30765,76.833,360.393432294476,65
107,Candura,H07,Fragment,10.30763,76.83665,718.713189118681,70
108,Candura,I06,Fragment,10.30674,76.83573,602.499442745131,100
109,Candura,L04,Fragment,10.30494,76.83298,328.856440467545,100
110,Candura,K05,Fragment,10.30584,76.8339,450.336878335126,100
111,Candura,J05,Fragment,10.30584,76.83482,493.051286400672,90
112,Candura,K04,Fragment,10.30494,76.8339,357.958834478972,100
113,Candura,J04,Fragment,10.30493,76.83481,396.88505504693,95
114,Candura,I05,Fragment,10.30583,76.83573,502.973691278326,NA
115,Candura,H08,Fragment,10.30854,76.83666,759.706251592859,100
116,Candura,J08,Fragment,10.30847,76.83483,559.857201479907,NA
117,Candura,M08,Fragment,10.30856,76.83209,259.927158638808,NA
118,Candura,M07,Fragment,10.30766,76.83209,261.269609476863,85
119,Candura,L08,Fragment,10.30856,76.83301,360.692812837862,75
120,Candura,K07,Fragment,10.30765,76.83391,459.673604917518,NA
121,Candura,N08,Fragment,10.30857,76.83118,160.27646448662,NA
122,Candura,A02,Fragment,10.30308,76.84302,621.601832664319,NA
123,Candura,M10,Fragment,10.31037,76.8321,226.881245451144,100
124,Candura,L10,Fragment,10.31037,76.83302,324.922897696857,100
125,Candura,K10,Fragment,10.31036,76.83393,422.155025721754,NA
126,Candura,K09,Fragment,10.30946,76.83392,444.144058606728,80
127,Candura,M09,Fragment,10.30947,76.8321,249.935374755072,75
128,Candura,N09,Fragment,10.30947,76.83119,152.959087868595,100
129,Candura,O08,Fragment,10.30857,76.83027,60.6062012770339,65
130,TATA AG Office,AGO_01U,Fragment,10.34759,76.93575,1343.80543665657,62
131,TATA AG Office,AGO_02U,Fragment,10.34684,76.93464,1384.40923423636,44
132,TATA AG Office,AGO_03U,Fragment,10.3453,76.93373,1350,86
