species,fruit_type,fruit_weight ,fruit_L,fruit_W1,fruit_W2,seed_weight,seed_L,seed_W1,seed_W2,aril_weight,pulp_weight
Heynea trijuga,Arillate,1.44,1.4,1.5,1.2,1.28,1.3,1.4,1.1,0.16,N
Heynea trijuga,Arillate,0.91,1.1,1.3,1.1,0.76,1.1,1.2,1,0.15,N
Heynea trijuga,Arillate,1,1.2,1.3,1.2,0.9,1.1,1.3,1,0.1,N
Heynea trijuga,Arillate,0.77,1.2,1.2,1.2,0.65,1.1,1.1,1,0.12,N
Heynea trijuga,Arillate,0.96,1.3,1.2,1.1,0.84,1.3,1.2,1,0.12,N
Heynea trijuga,Arillate,1.21,1.35,1.36,1.18,1.06,1.28,1.3,1.16,0.15,N
Heynea trijuga,Arillate,1.54,1.4,1.52,1.26,1.23,1.3,1.4,1.2,0.31,N
Heynea trijuga,Arillate,1.4,1.3,1.4,1.23,1.18,1.27,1.38,1.22,0.22,N
Heynea trijuga,Arillate,1.54,1.43,1.43,1.26,1.32,1.37,1.38,1.2,0.22,N
Heynea trijuga,Arillate,1.6,1.4,1.48,1.29,1.37,1.37,1.47,1.28,0.23,N
Heynea trijuga,Arillate,1.6,1.44,1.51,1.26,1.34,1.38,1.4,1.22,0.26,N
Heynea trijuga,Arillate,1.47,1.38,1.43,1.25,1.24,1.33,1.37,1.22,0.23,N
Heynea trijuga,Arillate,1.55,1.45,1.42,1.25,1.29,1.39,1.4,1.19,0.26,N
Heynea trijuga,Arillate,1.53,1.38,1.45,1.25,1.32,1.34,1.43,1.22,0.21,N
Heynea trijuga,Arillate,1.25,1.25,1.35,1.17,1.02,1.16,1.3,1.12,0.23,N
Heynea trijuga,Arillate,0.98,1.15,1.27,1.11,0.76,1.09,1.18,1.06,0.22,N
Heynea trijuga,Arillate,1.29,1.27,1.39,1.2,1.02,1.23,1.35,1.14,0.27,N
Heynea trijuga,Arillate,1.08,1.25,1.28,1.12,0.85,1.11,1.2,1.06,0.23,N
Heynea trijuga,Arillate,1.48,1.23,1.44,1.26,1.18,1.23,1.4,1.18,0.3,N
Heynea trijuga,Arillate,1.07,1.14,1.34,1.09,0.82,1.08,1.27,1.04,0.25,N
Heynea trijuga,Arillate,1.37,1.19,1.44,1.22,1.12,1.19,1.39,1.15,0.25,N
Heynea trijuga,Arillate,1.31,1.21,1.42,1.18,1.04,1.21,1.36,1.06,0.27,N
Heynea trijuga,Arillate,1.62,1.29,1.51,1.28,1.32,1.21,1.46,1.17,0.3,N
Heynea trijuga,Arillate,1.45,1.25,1.44,1.25,1.2,1.18,1.41,1.15,0.25,N
Heynea trijuga,Arillate,2.09,1.4,1.66,1.47,1.75,1.38,1.62,1.3,0.34,N
Heynea trijuga,Arillate,1.62,1.23,1.52,1.32,1.34,1.2,1.47,1.2,0.28,N
Heynea trijuga,Arillate,1.43,1.34,1.46,1.24,1.19,1.27,1.41,1.13,0.24,N
Heynea trijuga,Arillate,2.06,1.58,1.61,1.39,1.77,1.47,1.56,1.3,0.29,N
Heynea trijuga,Arillate,1.31,1.23,1.43,1.22,1.11,1.23,1.37,1.13,0.2,N
Heynea trijuga,Arillate,1.37,1.26,1.44,1.18,1.17,1.11,1.4,1.12,0.2,N
Heynea trijuga,Arillate,1.34,1.22,1.46,1.25,1.16,1.22,1.43,1.22,0.18,N
Heynea trijuga,Arillate,1.39,1.27,1.41,1.19,1.2,1.23,1.39,1.16,0.19,N
Heynea trijuga,Arillate,1.48,1.34,1.46,1.2,1.3,1.29,1.43,1.18,0.18,N
Heynea trijuga,Arillate,1.63,1.41,1.53,1.2,1.42,1.36,1.5,1.17,0.21,N
Heynea trijuga,Arillate,1.42,1.22,1.44,1.21,1.16,1.22,1.4,1.2,0.26,N
Heynea trijuga,Arillate,1.5,1.22,1.51,1.25,1.29,1.22,1.51,1.18,0.21,N
Heynea trijuga,Arillate,1.12,1.14,1.32,1.06,0.86,1.02,1.32,0.9,0.26,N
Heynea trijuga,Arillate,1.45,1.2,1.48,1.22,1.18,1.17,1.45,1.14,0.27,N
Heynea trijuga,Arillate,2,1.36,1.65,1.36,1.75,1.34,1.63,1.33,0.25,N
Heynea trijuga,Arillate,1.14,1.08,1.38,1.15,0.95,1.08,1.37,1.03,0.19,N
Heynea trijuga,Arillate,2.03,1.34,1.68,1.41,1.7,1.34,1.64,1.27,0.33,N
Heynea trijuga,Arillate,1.43,1.2,1.53,1.15,1.19,1.16,1.49,1.13,0.24,N
Heynea trijuga,Arillate,1.23,1.2,1.34,1.16,1.03,1.08,1.33,1.09,0.2,N
Heynea trijuga,Arillate,1.03,1.12,1.3,1.1,0.89,1.12,1.26,1.1,0.14,N
Heynea trijuga,Arillate,1.19,1.2,1.35,1.22,1.03,1.18,1.33,1.12,0.16,N
Heynea trijuga,Arillate,0.95,1.08,1.26,1.09,0.81,1.05,1.23,1.04,0.14,N
Heynea trijuga,Arillate,0.97,1.08,1.3,1.08,0.82,1.04,1.24,1.04,0.15,N
Heynea trijuga,Arillate,0.89,1.08,1.2,1.06,0.76,1.06,1.18,0.9,0.13,N
Heynea trijuga,Arillate,0.85,1.02,1.21,1.05,0.7,0.9,1.18,0.9,0.15,N
Heynea trijuga,Arillate,1.22,1.14,1.35,1.21,1.04,1.14,1.3,1.16,0.18,N
Heynea trijuga,Arillate,1.24,1.19,1.36,1.23,1.1,1.17,1.36,1.19,0.14,N
Heynea trijuga,Arillate,1.09,1.23,1.3,1.07,0.94,1.21,1.27,1.04,0.15,N
Heynea trijuga,Arillate,0.96,1.08,1.27,1.08,0.81,1.08,1.21,1.05,0.15,N
Heynea trijuga,Arillate,0.85,1.24,1.2,1,0.7,1.18,1.11,0.97,0.15,N
Heynea trijuga,Arillate,1.19,1.31,1.38,1.17,0.93,1.2,1.2,1,0.26,N
Heynea trijuga,Arillate,0.95,1.23,1.29,1.08,0.84,1.1,1.2,1,0.11,N
Heynea trijuga,Arillate,1.07,1.2,1.28,1,0.9,1.2,1.2,1,0.17,N
Heynea trijuga,Arillate,1.03,1.23,1.29,1,0.88,1.2,1.1,1,0.15,N
Heynea trijuga,Arillate,0.83,1.2,1.2,9.7,0.67,1.1,1,0.9,0.16,N
Heynea trijuga,Arillate,0.77,1.1,1,0.96,0.65,1.1,1,0.9,0.12,N
Heynea trijuga,Arillate,1.05,1.3,1.2,1,0.88,1.2,1.2,1,0.17,N
Heynea trijuga,Arillate,0.66,1.1,1,0.9,0.57,1.1,1,0.8,0.09,N
Heynea trijuga,Arillate,0.71,1.1,1,0.8,0.56,1.1,1,0.8,0.15,N
Heynea trijuga,Arillate,1.29,1.3,1.4,1.2,1.08,1.2,1.4,1.2,0.21,N
Heynea trijuga,Arillate,0.96,1.2,1.2,1.1,0.76,1.1,1.2,1,0.2,N
Heynea trijuga,Arillate,0.97,1.1,1.3,1.1,0.8,1.1,1.2,1.1,0.17,N
Heynea trijuga,Arillate,1.46,1.4,1.5,1.3,1.2,1.2,1.4,1.2,0.26,N
Heynea trijuga,Arillate,1.35,1.2,1.5,1.2,1.13,1.2,1.3,1.2,0.22,N
Heynea trijuga,Arillate,0.97,1.1,1.3,1.1,0.82,1.1,1.2,1.1,0.15,N
Heynea trijuga,Arillate,1.05,1.2,1.3,1.1,0.85,1.1,1.3,1.1,0.2,N
Heynea trijuga,Arillate,1.29,1.2,1.4,1.2,1.07,1.1,1.4,1.2,0.22,N
Heynea trijuga,Arillate,1.4,1.3,1.4,1.2,1.16,1.2,1.4,1.2,0.24,N
Heynea trijuga,Arillate,1.49,1.3,1.5,1.3,1.28,1.2,1.4,1.3,0.21,N
Heynea trijuga,Arillate,0.87,1.2,1.3,1.4,0.74,1.2,1.2,1,0.13,N
Heynea trijuga,Arillate,0.98,1.2,1.3,1,0.83,1.2,1.2,1,0.15,N
Heynea trijuga,Arillate,0.81,1.2,1.2,1,0.68,1.2,1,0.9,0.13,N
Heynea trijuga,Arillate,0.89,1.2,1.2,1,0.78,1.2,1.2,1,0.11,N
Heynea trijuga,Arillate,0.96,1.3,1.2,1,0.81,1.2,1.2,1,0.15,N
Heynea trijuga,Arillate,0.84,1.2,1.2,1,0.73,1.2,1.1,1,0.11,N
Heynea trijuga,Arillate,0.89,1.2,1.2,1,0.79,1.2,1.2,0.9,0.1,N
Heynea trijuga,Arillate,1.12,1.4,1.3,1.1,0.92,1.3,1.3,1,0.2,N
Heynea trijuga,Arillate,0.8,1.2,1.2,1,0.68,1.1,1.1,0.9,0.12,N
Heynea trijuga,Arillate,0.94,1.3,1.3,1.2,0.83,1.3,1.2,1,0.11,N
Heynea trijuga,Arillate,0.94,1.3,1.17,1.07,0.77,1.24,1.15,1,0.17,N
Heynea trijuga,Arillate,1.21,1.3,1.33,1.15,1.04,1.3,1.3,1.1,0.17,N
Heynea trijuga,Arillate,1.05,1.29,1.26,1.13,0.9,1.29,1.23,1,0.15,N
Heynea trijuga,Arillate,1.32,1.44,1.35,1.17,1.12,1.4,1.29,1.15,0.2,N
Heynea trijuga,Arillate,1.34,1.42,1.38,1.16,1.13,1.38,1.31,1.14,0.21,N
Heynea trijuga,Arillate,1.28,1.32,1.37,1.18,1.09,1.32,1.34,1.11,0.19,N
Heynea trijuga,Arillate,0.99,1.27,1.24,1.1,0.84,1.24,1.21,1.05,0.15,N
Heynea trijuga,Arillate,0.73,1.18,1.05,0.97,0.61,1.18,1.02,0.94,0.12,N
Heynea trijuga,Arillate,0.95,1.29,1.18,1.08,0.8,1.29,1.16,1.01,0.15,N
Heynea trijuga,Arillate,1.05,1.4,1.2,1.09,0.9,1.38,1.16,1.06,0.15,N
Heynea trijuga,Arillate,1.16,1.21,1.35,1.11,0.97,1.16,1.3,1.09,0.19,N
Heynea trijuga,Arillate,1.19,1.25,1.36,1.19,1.03,1.25,1.32,1.08,0.16,N
Heynea trijuga,Arillate,1.29,1.31,1.37,1.15,1.13,1.31,1.33,1.15,0.16,N
Heynea trijuga,Arillate,1.07,1.21,1.3,1.09,0.92,1.21,1.29,1.03,0.15,N
Heynea trijuga,Arillate,1.12,1.11,1.37,1.19,0.99,1.11,1.35,1.09,0.13,N
Heynea trijuga,Arillate,0.84,1.11,1.2,0.98,0.7,1.09,1.16,0.94,0.14,N
Heynea trijuga,Arillate,0.86,1.16,1.19,0.98,0.74,1.16,1.18,0.96,0.12,N
Heynea trijuga,Arillate,0.92,1.13,1.2,1.01,0.79,1.13,1.16,1,0.13,N
Heynea trijuga,Arillate,1.01,1.17,1.25,1.07,0.88,1.17,1.24,1.04,0.13,N
Heynea trijuga,Arillate,0.77,1.12,1.15,0.97,0.67,1.08,1.11,0.95,0.1,N
Heynea trijuga,Arillate,1.71,1.32,1.52,1.26,1.38,1.28,1.49,1.19,0.33,N
Heynea trijuga,Arillate,1.46,1.26,1.41,1.22,1.24,1.22,1.39,1.14,0.22,N
Heynea trijuga,Arillate,1.64,1.26,1.58,1.28,1.42,1.22,1.52,1.19,0.22,N
Heynea trijuga,Arillate,1.51,1.3,1.49,1.26,1.32,1.22,1.46,1.24,0.19,N
Heynea trijuga,Arillate,1.25,1.15,1.4,1.18,1.09,1.13,1.37,1.15,0.16,N
Heynea trijuga,Arillate,1.63,1.31,1.52,1.25,1.39,1.25,1.49,1.25,0.24,N
Heynea trijuga,Arillate,1.4,1.25,1.51,1.14,1.19,1.05,1.47,1.14,0.21,N
Heynea trijuga,Arillate,1.03,1.04,1.38,1.12,0.92,1.04,1.35,1.07,0.11,N
Heynea trijuga,Arillate,1.19,1.1,1.42,1.09,1.05,1.05,1.39,1.09,0.14,N
Heynea trijuga,Arillate,1.22,1.09,1.42,1.17,1.05,1.07,1.41,1.13,0.17,N
Myristica dactyloides,Arillate,14.41,4.19,2.26,2.13,11.51,3.93,2.18,1.98,2.9,N
Myristica dactyloides,Arillate,15.98,4.37,2.28,2.2,12.27,3.92,2.26,2.04,3.71,N
Myristica dactyloides,Arillate,12.95,3.6,2.44,2.48,11.5,3.31,2.4,2.38,1.45,N
Myristica dactyloides,Arillate,17.28,3.98,2.54,2.45,13.29,3.44,2.42,2.3,3.99,N
Myristica dactyloides,Arillate,16.39,4.08,2.61,2.4,12.92,3.43,2.4,2.25,3.47,N
Myristica dactyloides,Arillate,10.54,3.46,2.25,2.17,9.07,3.06,2.22,2.14,1.47,N
Myristica dactyloides,Arillate,11.42,3.72,2.26,2.35,9.99,3.2,2.2,2.16,1.43,N
Myristica dactyloides,Arillate,15.14,3.97,2.52,2.44,12.52,3.53,2.47,2.22,2.62,N
Myristica dactyloides,Arillate,13.78,3.93,2.36,2.31,11.48,3.68,2.27,2.23,2.3,N
Myristica dactyloides,Arillate,18.61,4.03,2.78,2.52,15.67,3.73,2.72,2.43,2.94,N
Myristica dactyloides,Arillate,12.88,3.57,2.45,2.33,10.45,3.41,2.37,2.15,2.43,N
Myristica dactyloides,Arillate,15.16,4,2.52,2.34,11.91,3.66,2.37,2.16,3.25,N
Myristica dactyloides,Arillate,13.73,3.87,2.52,2.31,11.3,3.6,2.45,2.21,2.43,N
Myristica dactyloides,Arillate,14.96,4.09,2.44,2.37,11.67,3.67,2.33,2.1,3.29,N
Myristica dactyloides,Arillate,15.32,3.86,2.51,2.55,12.35,3.55,2.35,2.36,2.97,N
Myristica dactyloides,Arillate,16.13,4.03,2.62,2.42,13.55,3.71,2.57,2.3,2.58,N
Myristica dactyloides,Arillate,12.58,3.69,2.35,2.28,9.74,3.27,2.32,2.11,2.84,N
Myristica dactyloides,Arillate,14.43,3.96,2.56,2.41,11.57,3.62,2.4,2.19,2.86,N
Myristica dactyloides,Arillate,14.3,4.27,2.38,2.3,11.48,3.76,2.32,2.3,2.82,N
Myristica dactyloides,Arillate,16.43,4.22,2.54,2.41,13.26,3.87,2.46,2.23,3.17,N
Myristica dactyloides,Arillate,21.45,4.24,2.87,2.77,17.77,3.96,2.77,2.63,3.68,N
Myristica dactyloides,Arillate,19.62,4.37,2.74,2.77,16.06,4,2.67,2.49,3.56,N
Myristica dactyloides,Arillate,16.82,4.17,2.66,2.5,13.92,3.78,2.59,2.39,2.9,N
Myristica dactyloides,Arillate,19.26,4.45,2.75,2.69,15.63,4.06,2.57,2.38,3.63,N
Myristica dactyloides,Arillate,13.46,3.8,2.46,2.37,11.82,3.64,2.46,2.36,1.64,N
Myristica dactyloides,Arillate,13.91,3.76,2.47,2.29,11.24,3.47,2.41,2.22,2.67,N
Myristica dactyloides,Arillate,18.68,4.43,2.72,2.57,15.35,4.09,2.62,2.3,3.33,N
Myristica dactyloides,Arillate,14.5,3.86,2.49,2.42,11.99,3.55,2.42,2.36,2.51,N
Myristica dactyloides,Arillate,17.51,4.29,2.73,2.53,14.9,3.92,2.65,2.48,2.61,N
Myristica dactyloides,Arillate,16.68,4.12,2.55,2.56,13.45,3.71,2.41,2.39,3.23,N
Myristica dactyloides,Arillate,18.24,4.32,2.54,2.6,14.48,3.88,2.48,2.38,3.76,N
Myristica dactyloides,Arillate,16.14,4.04,2.57,2.41,12.88,3.69,2.46,2.27,3.26,N
Myristica dactyloides,Arillate,16.27,4.09,2.55,2.5,13.12,3.76,2.46,2.29,3.15,N
Myristica dactyloides,Arillate,18.08,4.16,2.58,2.52,14.44,3.79,2.49,2.36,3.64,N
Myristica dactyloides,Arillate,15.87,3.9,2.55,2.31,12.57,3.62,2.48,2.16,3.3,N
Myristica dactyloides,Arillate,14.18,3.77,2.45,2.39,12.1,3.64,2.38,2.19,2.08,N
Myristica dactyloides,Arillate,14.62,3.9,2.54,2.37,11.86,3.63,2.52,2.24,2.76,N
Myristica dactyloides,Arillate,14.23,3.85,2.44,2.27,11.46,3.51,2.38,2.11,2.77,N
Myristica dactyloides,Arillate,11.44,3.73,2.35,2.2,10.01,3.44,2.32,2.2,1.43,N
Myristica dactyloides,Arillate,12.17,3.73,2.28,2.14,9.36,3.47,2.16,2.02,2.81,N
Myristica dactyloides,Arillate,16.19,4.11,2.56,2.44,13.16,3.76,2.5,2.41,3.03,N
Myristica dactyloides,Arillate,16.24,4.04,2.55,2.53,13.15,3.65,2.49,2.36,3.09,N
Myristica dactyloides,Arillate,14.74,3.68,2.48,2.36,11.55,3.53,2.37,2.21,3.19,N
Myristica dactyloides,Arillate,12.75,4.11,2.31,2.25,10.11,3.49,2.22,2.09,2.64,N
Myristica dactyloides,Arillate,18.24,4.21,2.65,2.4,14.77,3.83,2.57,2.3,3.47,N
Myristica dactyloides,Arillate,15.88,3.85,2.6,2.51,12.69,3.54,2.47,2.35,3.19,N
Myristica dactyloides,Arillate,19.55,4.34,2.66,2.53,15.75,3.96,2.6,2.42,3.8,N
Myristica dactyloides,Arillate,11.84,3.37,2.39,2.26,9.35,3.03,2.31,2.15,2.49,N
Myristica dactyloides,Arillate,15.16,3.81,2.51,2.51,12.1,3.44,2.42,2.31,3.06,N
Myristica dactyloides,Arillate,13.77,3.92,2.41,2.22,11.23,3.72,2.28,2.15,2.54,N
Myristica dactyloides,Arillate,17.25,4.24,2.68,2.56,14.54,3.9,2.54,2.34,2.71,N
Myristica dactyloides,Arillate,16.49,4.04,2.62,2.37,13.35,3.73,2.47,2.27,3.14,N
Myristica dactyloides,Arillate,10.95,3.69,2.47,2.33,10.34,3.44,2.44,2.29,0.61,N
Myristica dactyloides,Arillate,8.33,3.42,2.05,1.96,6.97,3.19,1.97,1.89,1.36,N
Myristica dactyloides,Arillate,15.95,3.94,2.61,2.32,13.45,3.74,2.57,2.18,2.5,N
Myristica dactyloides,Arillate,10.8,3.69,2.32,2.07,9.31,3.44,2.27,2,1.49,N
Myristica dactyloides,Arillate,13.27,3.72,2.47,2.33,11.23,3.42,2.4,2.28,2.04,N
Myristica dactyloides,Arillate,7.03,3.38,2.06,2.01,5.29,3.06,2.01,1.86,1.74,N
Myristica dactyloides,Arillate,12.34,3.43,2.41,2.45,10.5,3.16,2.38,2.21,1.84,N
Myristica dactyloides,Arillate,11.23,3.46,2.38,2.22,9.53,3.36,2.35,2.07,1.7,N
Myristica dactyloides,Arillate,16.64,4.22,2.57,2.54,13.56,3.79,2.5,2.31,3.08,N
Myristica dactyloides,Arillate,10.81,3.64,2.34,2.28,9.16,3.36,2.3,2.26,1.65,N
Myristica dactyloides,Arillate,12.51,3.7,2.42,2.26,11.12,3.44,2.38,2.19,1.39,N
Myristica dactyloides,Arillate,12.71,3.68,2.41,2.29,10.74,3.4,2.36,2.16,1.97,N
Myristica dactyloides,Arillate,14.17,3.92,2.38,2.26,11.14,3.47,2.27,2.08,3.03,N
Myristica dactyloides,Arillate,15.8,4.07,2.52,2.46,12.68,3.66,2.42,2.34,3.12,N
Myristica dactyloides,Arillate,16.59,4.15,2.67,2.45,14.19,3.7,2.56,2.41,2.4,N
Myristica dactyloides,Arillate,18.22,4.23,2.64,2.58,13.48,3.74,2.52,2.24,4.74,N
Myristica dactyloides,Arillate,13.78,3.9,2.47,2.24,11.28,3.61,2.34,2.17,2.5,N
Myristica dactyloides,Arillate,19.47,4.13,2.74,2.64,16.1,3.74,2.63,2.56,3.37,N
Myristica dactyloides,Arillate,16.28,3.82,2.6,2.52,13.47,3.48,2.51,2.31,2.81,N
Myristica dactyloides,Arillate,8.44,3.41,2.08,2.01,5.21,3.07,1.87,1.74,3.23,N
Myristica dactyloides,Arillate,14.55,3.9,2.49,2.36,11.28,3.47,2.41,2.22,3.27,N
Myristica dactyloides,Arillate,16.37,4.15,2.51,2.44,12.91,3.62,2.44,2.3,3.46,N
Myristica dactyloides,Arillate,14.56,4,2.47,2.42,11.48,3.46,2.38,2.22,3.08,N
Myristica dactyloides,Arillate,16.71,4.11,2.52,2.41,13.49,3.69,2.45,2.22,3.22,N
Myristica dactyloides,Arillate,9.56,3.9,2.16,2.07,6.1,3.28,2.03,1.95,3.46,N
Myristica dactyloides,Arillate,15.11,3.96,2.47,2.38,12.27,3.64,2.4,2.17,2.84,N
Myristica dactyloides,Arillate,15.35,4.03,2.47,2.35,11.22,3.59,2.35,2.13,4.13,N
Myristica dactyloides,Arillate,20.65,4.37,2.73,2.57,16.15,3.92,2.62,2.46,4.5,N
Myristica dactyloides,Arillate,16.84,4.08,2.46,2.39,12.28,3.67,2.38,2.22,4.56,N
Myristica dactyloides,Arillate,14.37,3.85,2.44,2.23,11.02,3.56,2.35,2.12,3.35,N
Myristica dactyloides,Arillate,13.48,3.67,2.41,2.31,10.96,3.44,2.31,2.19,2.52,N
Myristica dactyloides,Arillate,18.3,4.22,2.64,2.48,15.16,3.89,2.53,2.41,3.14,N
Myristica dactyloides,Arillate,16.78,4.12,2.49,2.4,12.86,3.68,2.4,2.15,3.92,N
Myristica dactyloides,Arillate,14.88,3.84,2.51,2.33,11.83,3.72,2.41,2.07,3.05,N
Myristica dactyloides,Arillate,13.7,3.84,2.38,2.12,11.07,3.63,2.33,2.11,2.63,N
Myristica dactyloides,Arillate,12.94,3.76,2.3,2.23,10.96,3.44,2.25,2.14,1.98,N
Myristica dactyloides,Arillate,16.33,4.04,2.55,2.43,12.92,3.66,2.5,2.29,3.41,N
Myristica dactyloides,Arillate,17.74,4.18,2.58,2.59,12.83,3.58,2.4,2.28,4.91,N
Myristica dactyloides,Arillate,15.66,4.17,2.44,2.34,12.18,3.68,2.31,2.18,3.48,N
Myristica dactyloides,Arillate,14.4,3.81,2.45,2.27,10.71,3.51,2.29,2.07,3.69,N
Myristica dactyloides,Arillate,15.73,3.78,2.48,2.4,12.32,3.56,2.31,2.18,3.41,N
Myristica dactyloides,Arillate,11.82,3.44,2.3,2.24,9.16,3.11,2.21,2.11,2.66,N
Myristica dactyloides,Arillate,12.62,3.72,2.33,2.32,10.44,3.29,2.25,2.21,2.18,N
Myristica dactyloides,Arillate,14.65,3.69,2.55,2.37,11.73,3.37,2.43,2.28,2.92,N
Myristica dactyloides,Arillate,11.31,3.5,2.37,2.23,9.6,3.17,2.35,2.21,1.71,N
Myristica dactyloides,Arillate,8.47,3.03,2.17,2.08,7.16,2.89,2.11,2,1.31,N
Myristica dactyloides,Arillate,15.14,3.91,2.44,2.37,11.86,3.53,2.34,2.12,3.28,N
Myristica dactyloides,Arillate,14.27,3.61,2.53,2.31,10.97,3.26,2.43,2.21,3.3,N
Myristica dactyloides,Arillate,19.26,6.11,2.32,2.3,17.42,5.15,2.3,2.28,1.84,N
Myristica dactyloides,Arillate,17.01,5.42,2.3,2.14,15.94,5.09,2.27,2.11,1.07,N
Myristica dactyloides,Arillate,15.39,5.75,2.21,2.11,13.75,4.67,2.2,2.08,1.64,N
Myristica dactyloides,Arillate,21.24,6.14,2.3,2.35,18.85,5.32,2.3,2.28,2.39,N
Myristica dactyloides,Arillate,19.32,5.74,2.27,2.22,17.36,5.23,2.22,2.16,1.96,N
Myristica dactyloides,Arillate,20.16,5.78,2.37,2.35,18.26,5.15,2.35,2.27,1.9,N
Myristica dactyloides,Arillate,16.44,5.41,2.19,2.14,14.92,4.81,2.17,2.07,1.52,N
Myristica dactyloides,Arillate,15.74,5.5,2.14,2.03,14.16,4.91,2.09,1.98,1.58,N
Myristica dactyloides,Arillate,17,5.65,2.22,2.11,14.95,4.76,2.14,2.09,2.05,N
Canarium strictum,Drupaceous ,16.63,3.82,2.69,2.64,5.54,3.45,1.77,1.77,N,11.09
Canarium strictum,Drupaceous ,17.2,3.4,2.72,2.71,4.78,3.4,1.64,1.64,N,12.42
Canarium strictum,Drupaceous ,14.36,3.75,2.46,2.46,5.71,3.39,1.82,1.87,N,8.65
Canarium strictum,Drupaceous ,17.33,3.72,2.73,2.72,5.67,3.36,1.78,1.85,N,11.66
Canarium strictum,Drupaceous ,16.08,3.65,2.63,2.57,5.47,3.35,1.77,1.81,N,10.61
Canarium strictum,Drupaceous ,18.15,3.86,2.73,2.74,6.08,3.53,1.89,1.84,N,12.07
Canarium strictum,Drupaceous ,8.48,3.06,2.11,2.13,2.79,2.73,1.41,1.41,N,5.69
Canarium strictum,Drupaceous ,17.15,3.77,2.67,2.68,6.14,3.49,1.86,1.87,N,11.01
Canarium strictum,Drupaceous ,16.45,3.97,2.57,2.58,5.68,3.66,1.71,1.77,N,10.77
Canarium strictum,Drupaceous ,15.44,3.69,2.55,2.59,5.29,3.35,1.74,1.74,N,10.15
Canarium strictum,Drupaceous ,18.3,4.35,2.59,2.57,7.77,4.1,1.91,1.93,N,10.53
Canarium strictum,Drupaceous ,17.64,4.21,2.65,2.62,7.72,3.98,1.88,1.91,N,9.92
Canarium strictum,Drupaceous ,16.25,4.21,2.52,2.49,7.22,3.95,1.87,1.81,N,9.03
Canarium strictum,Drupaceous ,16.12,4.08,2.56,2.5,7.2,3.8,1.91,1.85,N,8.92
Canarium strictum,Drupaceous ,14.96,4.18,2.45,2.55,7.51,3.93,1.8,1.87,N,7.45
Canarium strictum,Drupaceous ,15.32,4.04,2.48,2.53,6.74,3.79,1.74,1.83,N,8.58
Canarium strictum,Drupaceous ,15.27,4.05,2.46,2.52,7.02,3.82,1.9,1.88,N,8.25
Canarium strictum,Drupaceous ,12.25,3.96,2.32,2.3,6.18,3.73,1.8,1.71,N,6.07
Canarium strictum,Drupaceous ,14.56,4.12,2.5,2.52,7.18,3.85,1.88,1.87,N,7.38
Canarium strictum,Drupaceous ,15,4.21,2.45,2.5,7.66,3.98,1.85,1.92,N,7.34
Canarium strictum,Drupaceous ,17.28,4.09,2.57,2.58,6.9,3.78,1.86,1.77,N,10.38
Canarium strictum,Drupaceous ,10.58,3.74,2.09,2.14,4.49,3.54,1.57,1.51,N,6.09
Canarium strictum,Drupaceous ,14.74,4.22,2.38,2.34,6.06,3.96,1.69,1.59,N,8.68
Canarium strictum,Drupaceous ,10.39,4.04,2.1,2.12,5.93,3.86,1.67,1.71,N,4.46
Canarium strictum,Drupaceous ,15.59,4.26,2.43,2.4,7.25,4.04,1.78,1.81,N,8.34
Canarium strictum,Drupaceous ,16.71,4.21,2.47,2.48,6.96,4.02,1.72,1.75,N,9.75
Canarium strictum,Drupaceous ,12.51,3.97,2.27,2.33,7.01,3.8,1.79,1.84,N,5.5
Canarium strictum,Drupaceous ,11.21,3.89,2.26,2.27,6.7,3.67,1.88,1.87,N,4.51
Canarium strictum,Drupaceous ,12.85,4.23,2.2,2.29,6.48,4.02,1.69,1.74,N,6.37
Canarium strictum,Drupaceous ,13.53,4.08,2.4,2.36,7.67,3.96,1.93,1.83,N,5.86
Canarium strictum,Drupaceous ,16.73,4.59,2.6,2.51,7.46,4.22,1.89,1.81,N,9.27
Canarium strictum,Drupaceous ,29.64,4.82,3.17,3.16,12,4.44,2.28,2.23,N,17.64
Canarium strictum,Drupaceous ,29.56,5.48,3.11,3.05,12.58,5.03,2.19,2.25,N,16.98
Canarium strictum,Drupaceous ,9.82,4.28,2.1,2.11,4.83,4.01,1.58,1.5,N,4.99
Canarium strictum,Drupaceous ,21.69,5.07,2.8,2.79,11.63,4.71,2.21,2.19,N,10.06
Canarium strictum,Drupaceous ,20.34,4.93,2.72,2.73,9.78,4.57,2.04,2.02,N,10.56
Canarium strictum,Drupaceous ,11.12,4.12,2.23,2.16,5.49,3.77,1.71,1.65,N,5.63
Canarium strictum,Drupaceous ,14.69,3.97,2.45,2.53,5.81,3.61,1.76,1.73,N,8.88
Canarium strictum,Drupaceous ,20.72,4.8,2.74,2.73,7.94,4.38,2,1.76,N,12.78
Canarium strictum,Drupaceous ,19.54,4.8,2.69,2.62,8.66,4.41,2,1.93,N,10.88
Canarium strictum,Drupaceous ,12.66,4.45,2.25,2.2,7.09,4.31,1.79,1.77,N,5.57
Canarium strictum,Drupaceous ,16.6,4.31,2.48,2.48,7.2,4.06,1.7,1.83,N,9.4
Canarium strictum,Drupaceous ,16.61,4.43,2.54,2.54,9.68,4.27,2.08,2.02,N,6.93
Canarium strictum,Drupaceous ,12.8,4.17,2.3,2.27,6.88,3.9,1.82,1.84,N,5.92
Canarium strictum,Drupaceous ,13.74,4.62,2.3,2.3,8.02,4.43,1.75,1.87,N,5.72
Canarium strictum,Drupaceous ,12.36,4.03,2.23,2.25,6.15,3.83,1.74,1.72,N,6.21
Canarium strictum,Drupaceous ,12.53,4.51,2.27,2.23,7.24,4.3,1.83,1.78,N,5.29
Canarium strictum,Drupaceous ,14.45,4.52,2.39,2.4,8.15,4.29,1.88,1.91,N,6.3
Canarium strictum,Drupaceous ,13.86,4.28,2.39,2.38,7.59,4.11,1.85,1.87,N,6.27
Canarium strictum,Drupaceous ,5.62,3.49,1.71,1.66,3.18,3.36,1.38,1.3,N,2.44
Canarium strictum,Drupaceous ,21.24,4.63,2.79,2.75,11.39,4.48,2.18,2.17,N,9.85
Canarium strictum,Drupaceous ,21.59,4.58,2.75,2.73,10.58,4.38,2.09,2.07,N,11.01
Canarium strictum,Drupaceous ,14.44,4.04,2.49,2.3,7.55,3.8,1.83,1.96,N,6.89
Canarium strictum,Drupaceous ,19.06,4.44,2.69,2.67,10.88,4.29,2.12,2.14,N,8.18
Canarium strictum,Drupaceous ,18.14,4.3,2.67,2.67,8.78,4.13,1.95,2.02,N,9.36
Canarium strictum,Drupaceous ,17.47,4.55,2.52,2.53,9.86,4.41,2.05,2.02,N,7.61
Canarium strictum,Drupaceous ,13.41,4.05,2.43,2.36,6.69,3.86,1.7,1.87,N,6.72
Canarium strictum,Drupaceous ,12.52,4.07,2.24,2.23,6.12,3.89,1.67,1.69,N,6.4
Canarium strictum,Drupaceous ,10.72,4.17,2.04,2.04,6,4.03,1.63,1.69,N,4.72
Canarium strictum,Drupaceous ,6.31,3.38,1.76,1.77,3.27,3.23,1.43,1.43,N,3.04
Canarium strictum,Drupaceous ,9.09,3.78,2.03,2.03,5.5,3.59,1.67,1.64,N,3.59
Canarium strictum,Drupaceous ,8.85,3.87,2.04,2.04,5.43,3.67,1.66,1.63,N,3.42
Canarium strictum,Drupaceous ,9.58,3.78,2.09,2.04,5.86,3.63,1.67,1.69,N,3.72
Canarium strictum,Drupaceous ,12.02,3.96,2.34,2.32,7.23,3.69,1.81,1.87,N,4.79
Canarium strictum,Drupaceous ,10.43,3.88,2.15,2.17,6.58,3.72,1.84,1.75,N,3.85
Canarium strictum,Drupaceous ,11.02,4.05,2.16,2.17,6.88,3.86,1.76,1.82,N,4.14
Canarium strictum,Drupaceous ,10.73,4.01,2.13,2.19,6.63,3.84,1.76,1.8,N,4.1
Canarium strictum,Drupaceous ,10.79,3.79,2.28,2.23,6.87,3.59,1.8,1.88,N,3.92
Canarium strictum,Drupaceous ,6.62,3.57,1.72,1.77,4.01,3.38,1.48,1.43,N,2.61
Canarium strictum,Drupaceous ,8.45,3.82,1.93,1.97,5.14,3.65,1.63,1.57,N,3.31
Canarium strictum,Drupaceous ,19.14,4.16,2.65,2.68,6.57,3.78,1.8,1.77,N,12.57
Canarium strictum,Drupaceous ,17.11,3.96,2.61,2.62,6.21,3.61,1.74,1.79,N,10.9
Canarium strictum,Drupaceous ,18.81,4.05,2.73,2.65,7.05,3.73,1.91,1.86,N,11.76
Canarium strictum,Drupaceous ,18.52,4.1,2.65,2.61,6.84,3.76,1.78,1.81,N,11.68
Canarium strictum,Drupaceous ,21.07,4.28,2.68,2.75,6.95,3.88,1.87,1.83,N,14.12
Canarium strictum,Drupaceous ,19.22,4.16,2.69,2.72,7.18,3.89,1.91,1.88,N,12.04
Canarium strictum,Drupaceous ,18.78,4.12,2.7,2.67,7.1,3.81,1.88,1.83,N,11.68
Canarium strictum,Drupaceous ,16.42,4.09,2.51,2.45,5.78,3.75,1.64,1.69,N,10.64
Canarium strictum,Drupaceous ,20.99,4.27,2.79,2.76,7.01,3.88,1.89,1.8,N,13.98
Canarium strictum,Drupaceous ,15.31,3.94,2.43,2.42,5.42,3.58,1.67,1.65,N,9.89
Canarium strictum,Drupaceous ,23.65,4.58,2.86,2.92,10.96,4.41,2.27,2.21,N,12.69
Canarium strictum,Drupaceous ,20.4,4.99,2.59,2.66,8.86,4.81,1.93,1.91,N,11.54
Canarium strictum,Drupaceous ,18.1,5.19,2.52,2.45,9.38,4.97,1.86,1.93,N,8.72
Canarium strictum,Drupaceous ,19.15,5.2,2.48,2.49,9.5,5.06,1.9,1.92,N,9.65
Canarium strictum,Drupaceous ,18.42,4.85,2.49,2.57,7.32,4.68,1.73,1.76,N,11.1
Canarium strictum,Drupaceous ,16.56,5.02,2.48,2.39,9.03,4.82,1.86,1.98,N,7.53
Canarium strictum,Drupaceous ,14.89,4.89,2.32,2.3,8.27,4.7,1.81,1.86,N,6.62
Canarium strictum,Drupaceous ,11.07,4.01,2.18,2.29,6.16,3.87,1.82,1.75,N,4.91
Canarium strictum,Drupaceous ,13.16,4.39,2.31,2.29,6.47,4.24,1.7,1.71,N,6.69
Canarium strictum,Drupaceous ,10.3,4.43,2.1,2.06,5.8,4.25,1.63,1.67,N,4.5
Canarium strictum,Drupaceous ,22.56,5.06,2.76,2.77,10.48,4.78,2.04,2.07,N,12.08
Canarium strictum,Drupaceous ,19.55,4.84,2.55,2.62,8.11,4.56,1.76,1.94,N,11.44
Canarium strictum,Drupaceous ,13.89,4.72,2.32,2.31,7.77,4.44,1.87,1.79,N,6.12
Canarium strictum,Drupaceous ,15.74,4.95,2.36,2.36,8.38,4.67,1.84,1.83,N,7.36
Canarium strictum,Drupaceous ,14.19,4.77,2.34,2.29,6.94,4.49,1.8,1.73,N,7.25
Canarium strictum,Drupaceous ,20.77,5.09,2.6,2.6,9.94,4.81,2.02,1.98,N,10.83
Canarium strictum,Drupaceous ,20.03,5.13,2.6,2.63,9.9,4.77,1.95,2,N,10.13
Canarium strictum,Drupaceous ,14.4,4.57,2.4,2.35,7.15,4.36,1.79,1.82,N,7.25
Canarium strictum,Drupaceous ,17.09,4.97,2.47,2.4,7.73,4.66,1.92,1.77,N,9.36
Canarium strictum,Drupaceous ,16.03,4.86,2.4,2.35,7.53,4.58,1.79,1.9,N,8.5
Canarium strictum,Drupaceous ,21.13,4.52,2.8,2.6,6.79,3.83,1.94,1.88,N,14.34
Canarium strictum,Drupaceous ,19.68,4.27,2.74,2.66,5.82,3.76,1.7,1.77,N,13.86
Canarium strictum,Drupaceous ,16.65,4.18,2.47,2.47,5.19,3.76,1.65,1.63,N,11.46
Canarium strictum,Drupaceous ,16.51,4.23,2.41,2.5,5.63,3.75,1.75,1.62,N,10.88
Canarium strictum,Drupaceous ,20.22,4.83,2.67,2.68,9.51,4.49,2.06,1.99,N,10.71
Canarium strictum,Drupaceous ,35.51,5.32,3.21,3.24,12.13,4.79,2.24,2.15,N,23.38
Canarium strictum,Drupaceous ,28.41,4.79,3.11,3.04,8.94,4.25,2.08,2.05,N,19.47
Canarium strictum,Drupaceous ,23.95,4.91,2.81,2.84,8.66,4.45,2.02,1.93,N,15.29
Canarium strictum,Drupaceous ,15.81,4.16,2.42,2.45,4.82,3.69,1.59,1.58,N,10.99
Canarium strictum,Drupaceous ,14.87,4.25,2.31,2.33,4.99,3.78,1.58,1.59,N,9.88
Persea macrantha,Drupaceous ,1.83,1.18,1.51,1.31,0.84,0.89,1.24,1.03,N,0.99
Persea macrantha,Drupaceous ,1.84,1.18,1.51,1.37,0.99,0.93,1.28,1.14,N,0.85
Persea macrantha,Drupaceous ,1.71,1.13,1.33,1.28,0.9,0.87,1.31,1.08,N,0.81
Persea macrantha,Drupaceous ,1.68,1.11,1.42,1.44,0.94,0.89,1.32,1.08,N,0.74
Persea macrantha,Drupaceous ,1.67,1.15,1.41,1.3,0.91,0.94,1.26,1.1,N,0.76
Persea macrantha,Drupaceous ,1.62,1.15,1.52,1.46,0.81,0.8,1.21,1.1,N,0.81
Persea macrantha,Drupaceous ,1.48,1.03,1.39,1.28,0.87,0.88,1.26,1.13,N,0.61
Persea macrantha,Drupaceous ,1.58,1.12,1.46,1.36,0.87,0.9,1.23,1.06,N,0.71
Persea macrantha,Drupaceous ,1.49,1.12,1.35,1.27,0.79,0.93,1.21,1.03,N,0.7
Persea macrantha,Drupaceous ,1.28,1.07,1.39,1.25,0.71,0.85,1.13,1.02,N,0.57
Persea macrantha,Drupaceous ,1.06,1.09,1.37,1.26,0.81,0.9,1.24,0.98,N,0.25
Persea macrantha,Drupaceous ,1.73,1.13,1.5,1.37,0.88,0.91,1.26,1.08,N,0.85
Persea macrantha,Drupaceous ,1.4,1.09,1.36,1.31,0.69,0.86,1.14,1.06,N,0.71
Persea macrantha,Drupaceous ,2.12,1.23,1.63,1.51,1.11,1.03,1.34,1.2,N,1.01
Persea macrantha,Drupaceous ,1.48,1.04,1.43,1.27,0.74,0.83,1.2,1,N,0.74
Persea macrantha,Drupaceous ,1.27,1.06,1.34,1.24,0.7,0.82,1.1,0.98,N,0.57
Persea macrantha,Drupaceous ,1.58,1.08,1.44,1.29,0.89,0.9,1.25,1.1,N,0.69
Persea macrantha,Drupaceous ,1.33,1.02,1.4,1.26,0.66,0.84,1.16,0.99,N,0.67
Persea macrantha,Drupaceous ,1.46,1.03,1.37,1.23,0.82,0.85,1.21,1.05,N,0.64
Persea macrantha,Drupaceous ,1.03,1.09,1.39,1.26,0.54,0.74,0.99,0.9,N,0.49
Persea macrantha,Drupaceous ,0.9,1.1,1.41,1.26,0.9,0.93,1.22,1.13,N,0
Persea macrantha,Drupaceous ,1.13,0.96,1.2,1.13,0.63,0.85,1.08,0.95,N,0.5
Persea macrantha,Drupaceous ,1.13,1.03,1.29,1.19,0.78,0.86,1.16,1.04,N,0.35
Persea macrantha,Drupaceous ,1.06,0.93,1.18,1.08,0.58,0.84,1.02,0.93,N,0.48
Persea macrantha,Drupaceous ,1.45,1.05,1.27,1.2,0.44,0.76,0.93,0.82,N,1.01
Persea macrantha,Drupaceous ,0.86,0.89,1.13,1.01,0.49,0.78,0.99,0.87,N,0.37
Persea macrantha,Drupaceous ,1.24,1.02,1.38,1.15,0.79,0.92,1.18,1.02,N,0.45
Persea macrantha,Drupaceous ,1.42,1.05,1.31,1.19,0.89,0.84,1.25,1.06,N,0.53
Persea macrantha,Drupaceous ,1.3,1.06,1.27,1.14,0.8,0.87,1.18,1.04,N,0.5
Persea macrantha,Drupaceous ,1.32,1.14,1.37,1.22,0.78,0.89,1.13,0.99,N,0.54
Persea macrantha,Drupaceous ,1.72,1.12,1.47,1.26,1.03,0.96,1.33,1.11,N,0.69
Persea macrantha,Drupaceous ,2.22,1.19,1.56,1.4,1.22,0.99,1.36,1.21,N,1
Persea macrantha,Drupaceous ,2.07,1.21,1.61,1.46,1.18,1.01,1.32,1.21,N,0.89
Persea macrantha,Drupaceous ,2.04,1.19,1.61,1.47,1.18,1.01,1.34,1.23,N,0.86
Persea macrantha,Drupaceous ,1.6,1.12,1.49,1.38,0.92,0.97,1.2,1.09,N,0.68
Persea macrantha,Drupaceous ,1.99,1.25,1.65,1.5,1.03,0.96,1.3,1.16,N,0.96
Persea macrantha,Drupaceous ,1.32,1.16,1.37,1.28,0.75,0.83,1.1,0.97,N,0.57
Persea macrantha,Drupaceous ,1.47,1.15,1.49,1.33,0.83,0.93,1.17,1.03,N,0.64
Persea macrantha,Drupaceous ,1.22,1.07,1.39,1.23,0.66,0.79,1.07,0.96,N,0.56
Persea macrantha,Drupaceous ,1.23,0.99,1.4,1.15,0.63,0.88,1.21,1.03,N,0.6
Persea macrantha,Drupaceous ,1.23,1.03,1.3,1.19,0.68,0.87,1.09,0.99,N,0.55
Persea macrantha,Drupaceous ,1.32,1.14,1.37,1.2,0.8,0.92,1.18,1.05,N,0.52
Persea macrantha,Drupaceous ,1.08,1,1.12,1.18,0.61,0.85,1.08,0.91,N,0.47
Persea macrantha,Drupaceous ,1.22,1.08,1.27,1.18,0.71,0.87,1.12,0.98,N,0.51
Persea macrantha,Drupaceous ,1.4,1.16,1.4,1.26,0.8,0.93,1.19,1.03,N,0.6
Persea macrantha,Drupaceous ,1.22,1.07,1.29,1.18,0.63,0.89,1.1,0.98,N,0.59
Persea macrantha,Drupaceous ,1.43,1.17,1.45,1.31,0.79,0.98,1.15,1.02,N,0.64
Persea macrantha,Drupaceous ,1.35,1.1,1.43,1.23,0.71,0.86,1.19,1.08,N,0.64
Persea macrantha,Drupaceous ,0.98,0.91,1.21,1.11,0.54,0.81,1.06,0.92,N,0.44
Persea macrantha,Drupaceous ,1.35,1.1,1.4,1.22,0.84,0.85,1.18,1.04,N,0.51
Persea macrantha,Drupaceous ,1.28,1.11,1.39,1.24,0.8,0.9,1.21,1.06,N,0.48
Persea macrantha,Drupaceous ,1.72,1.19,1.54,1.36,0.97,0.94,1.29,1.12,N,0.75
Persea macrantha,Drupaceous ,1.61,1.18,1.51,1.34,0.89,0.9,1.23,1.05,N,0.72
Persea macrantha,Drupaceous ,1.71,1.15,1.52,1.32,0.9,0.93,1.25,1.1,N,0.81
Persea macrantha,Drupaceous ,0.67,0.83,1.06,0.9,0.45,0.72,0.9,0.85,N,0.22
Persea macrantha,Drupaceous ,1.03,0.94,1.22,1.14,0.62,0.83,1.04,0.96,N,0.41
Persea macrantha,Drupaceous ,2.5,1.34,1.69,1.62,1.07,1.06,1.28,1.13,N,1.43
Persea macrantha,Drupaceous ,2.23,1.25,1.64,1.64,0.99,1.06,1.25,1.16,N,1.24
Persea macrantha,Drupaceous ,2.72,1.41,1.81,1.63,1.32,1.1,1.37,1.32,N,1.4
Persea macrantha,Drupaceous ,2.53,1.37,1.71,1.67,1.31,1.09,1.43,1.27,N,1.22
Persea macrantha,Drupaceous ,2.37,1.24,1.63,1.57,1.03,1.02,1.29,1.2,N,1.34
Persea macrantha,Drupaceous ,2.59,1.33,1.72,1.51,1.38,1.06,1.46,1.24,N,1.21
Persea macrantha,Drupaceous ,3.11,1.32,1.63,1.6,1.28,1.09,1.39,1.29,N,1.83
Persea macrantha,Drupaceous ,2.55,1.27,1.67,1.57,1.38,1.08,1.45,1.27,N,1.17
Persea macrantha,Drupaceous ,2.17,1.32,1.66,1.42,1.28,1.04,1.42,1.23,N,0.89
Persea macrantha,Drupaceous ,2.3,1.17,1.63,1.51,1.22,0.97,1.39,1.2,N,1.08
Persea macrantha,Drupaceous ,2.23,1.16,1.45,1.5,1.25,1.03,1.35,1.21,N,0.98
Persea macrantha,Drupaceous ,1.86,1.12,1.62,1.4,1.06,0.93,1.32,1.17,N,0.8
Persea macrantha,Drupaceous ,1.77,1.13,1.59,1.41,0.9,0.92,1.25,1.07,N,0.87
Persea macrantha,Drupaceous ,2.23,1.19,1.66,1.45,1.22,1.01,1.35,1.2,N,1.01
Persea macrantha,Drupaceous ,1.69,1.08,1.46,1.34,0.94,0.92,1.25,1.11,N,0.75
Persea macrantha,Drupaceous ,2.06,1.16,1.51,1.46,1.03,0.99,1.27,1.15,N,1.03
Persea macrantha,Drupaceous ,2.65,1.27,1.79,1.62,1.28,1.03,1.41,1.27,N,1.37
Persea macrantha,Drupaceous ,2.23,1.15,1.62,1.42,1.23,1.01,1.4,1.21,N,1
Persea macrantha,Drupaceous ,1.88,1.04,1.5,1.42,1.15,0.97,1.36,1.19,N,0.73
Persea macrantha,Drupaceous ,2.29,1.26,1.66,1.46,1.17,1.02,1.36,1.24,N,1.12
Persea macrantha,Drupaceous ,1.71,1.09,1.5,1.38,1.09,0.99,1.33,1.19,N,0.62
Persea macrantha,Drupaceous ,1.22,1.1,1.36,1.22,0.66,0.93,1.25,1.11,N,0.56
Persea macrantha,Drupaceous ,1.96,1.08,1.58,1.41,0.94,0.89,1.33,1.11,N,1.02
Persea macrantha,Drupaceous ,2.09,1.11,1.55,1.44,1.05,0.95,1.33,1.16,N,1.04
Persea macrantha,Drupaceous ,1.82,1.1,1.49,1.38,1.02,0.92,1.34,1.12,N,0.8
Persea macrantha,Drupaceous ,1.82,1.16,1.45,1.41,0.94,0.95,1.2,1.17,N,0.88
Persea macrantha,Drupaceous ,1.75,1.08,1.4,1.35,1,0.96,1.31,1.17,N,0.75
Persea macrantha,Drupaceous ,1.43,1.09,1.45,1.28,0.83,0.92,1.23,1.08,N,0.6
Persea macrantha,Drupaceous ,1.24,0.99,1.31,1.21,0.68,0.86,1.18,0.98,N,0.56
Persea macrantha,Drupaceous ,1.54,1.06,1.2,1.35,0.94,0.87,1.2,1.17,N,0.6
Persea macrantha,Drupaceous ,1.72,1.16,1.38,1.21,1.04,0.98,1.3,1.15,N,0.68
Persea macrantha,Drupaceous ,1.67,1.08,1.43,1.31,0.92,0.93,1.27,1.09,N,0.75
Persea macrantha,Drupaceous ,2.36,1.11,1.67,1.51,1.1,0.95,1.38,1.16,N,1.26
Persea macrantha,Drupaceous ,1.74,1.16,1.48,1.29,1,0.93,1.32,1.16,N,0.74
Persea macrantha,Drupaceous ,1.5,1.03,1.4,1.32,0.94,0.94,1.27,1.1,N,0.56
Persea macrantha,Drupaceous ,1.59,1.09,1.4,1.33,1.12,0.98,1.35,1.21,N,0.47
Persea macrantha,Drupaceous ,1.42,1.05,1.33,1.26,0.93,0.93,1.26,1.14,N,0.49
Persea macrantha,Drupaceous ,0.93,0.97,1.21,1.15,0.52,0.83,1.07,0.98,N,0.41
Persea macrantha,Drupaceous ,1.3,1.03,1.47,1.23,0.59,0.9,1.15,1.03,N,0.71
Persea macrantha,Drupaceous ,2.09,1.19,1.6,1.41,1.16,0.95,1.4,1.2,N,0.93
Persea macrantha,Drupaceous ,1.42,1,1.32,1.25,0.8,0.91,1.21,1.02,N,0.62
Persea macrantha,Drupaceous ,1.74,1.13,1.5,1.31,1,0.94,1.31,1.13,N,0.74
Persea macrantha,Drupaceous ,1.6,0.99,1.44,1.32,1.02,0.96,1.29,1.13,N,0.58
Persea macrantha,Drupaceous ,1.17,0.98,1.43,1.32,0.65,0.86,1.14,1.01,N,0.52
Persea macrantha,Drupaceous ,1.64,1.07,1.52,1.36,1,0.97,1.35,1.17,N,0.64
Persea macrantha,Drupaceous ,1.24,0.97,1.31,1.22,0.72,0.86,1.2,1.02,N,0.52
Persea macrantha,Drupaceous ,1.25,1,1.35,1.27,0.75,0.85,1.21,1.05,N,0.5
Persea macrantha,Drupaceous ,1.63,1.12,1.42,1.37,0.98,0.95,1.25,1.19,N,0.65
Persea macrantha,Drupaceous ,2.07,1.21,1.64,1.46,1.2,1.04,1.41,1.27,N,0.87
Persea macrantha,Drupaceous ,1.5,1.04,1.44,1.22,0.85,0.91,1.23,1.05,N,0.65
Persea macrantha,Drupaceous ,1.8,1.1,1.47,1.43,1.02,0.93,1.3,1.15,N,0.78
Persea macrantha,Drupaceous ,1.89,1.19,1.7,1.41,1.09,0.94,1.34,1.15,N,0.8
Persea macrantha,Drupaceous ,1.65,1.1,1.51,1.42,1.01,0.98,1.35,1.21,N,0.64
Persea macrantha,Drupaceous ,1.59,1.06,1.48,1.35,0.95,0.98,1.29,1.09,N,0.64
Persea macrantha,Drupaceous ,1.84,1.15,1.56,1.4,1.02,0.95,1.31,0.94,N,0.82
Persea macrantha,Drupaceous ,2.33,1.17,1.64,1.54,1.2,0.99,1.37,1.22,N,1.13
Persea macrantha,Drupaceous ,1.27,1.01,1.29,1.2,0.76,0.9,1.19,1.04,N,0.51
Persea macrantha,Drupaceous ,1.53,1.05,1.39,1.31,0.8,0.88,1.19,1.07,N,0.73
Persea macrantha,Drupaceous ,1.62,1.13,1.5,1.36,0.91,0.92,1.26,1.13,N,0.71
Persea macrantha,Drupaceous ,1.63,1.06,1.47,1.32,0.87,0.91,1.24,1.09,N,0.76
Persea macrantha,Drupaceous ,1.57,1.1,1.5,1.32,1.01,0.96,1.3,1.13,N,0.56
Persea macrantha,Drupaceous ,1.42,1.04,1.38,1.29,0.76,0.88,1.17,1.04,N,0.66
Persea macrantha,Drupaceous ,2.12,1.2,1.61,1.47,1.29,1.02,1.41,1.25,N,0.83
Persea macrantha,Drupaceous ,1.23,1,1.43,1.21,0.73,0.86,1.2,1.04,N,0.5
Persea macrantha,Drupaceous ,1.34,0.99,1.4,1.22,0.87,0.9,1.25,1.05,N,0.47
Persea macrantha,Drupaceous ,1.73,1.07,1.41,1.31,0.9,0.91,1.25,1.09,N,0.83
Persea macrantha,Drupaceous ,1.86,1.15,1.54,1.47,1.03,0.98,1.36,1.19,N,0.83
Persea macrantha,Drupaceous ,1.71,1.05,1.5,1.29,0.89,0.89,1.28,1.06,N,0.82
Persea macrantha,Drupaceous ,1.52,1.05,1.47,1.32,0.77,0.86,1.22,1.03,N,0.75
Persea macrantha,Drupaceous ,1.72,1.09,1.46,1.31,1,0.93,1.27,1.14,N,0.72
Persea macrantha,Drupaceous ,1.67,1.13,1.56,1.41,0.94,0.95,1.14,1.17,N,0.73
Persea macrantha,Drupaceous ,1.99,1.15,1.62,1.44,1.2,1,1.4,1.21,N,0.79
Persea macrantha,Drupaceous ,1.83,1.17,1.6,1.32,0.96,0.91,1.32,1.14,N,0.87
Persea macrantha,Drupaceous ,2.18,1.25,1.64,1.44,1.21,1.04,1.4,1.25,N,0.97
Persea macrantha,Drupaceous ,1.91,1.19,1.54,1.4,1.19,1.02,1.43,1.23,N,0.72
Persea macrantha,Drupaceous ,2.05,1.23,1.55,1.35,1.13,0.97,1.36,1.19,N,0.92
Persea macrantha,Drupaceous ,1.18,0.96,1.31,1.17,0.65,0.84,1.13,0.96,N,0.53
Persea macrantha,Drupaceous ,1.4,1.07,1.34,1.21,0.85,0.9,1.25,1.1,N,0.55
Persea macrantha,Drupaceous ,1.23,1.02,1.37,1.22,0.6,0.81,1.2,1.03,N,0.63
Persea macrantha,Drupaceous ,1.81,1.12,1.38,1.32,0.97,0.99,1.28,1.15,N,0.84
Persea macrantha,Drupaceous ,1.61,1.02,1.43,1.24,0.93,0.95,1.22,1.15,N,0.68
Persea macrantha,Drupaceous ,2.25,1.17,1.58,1.48,1.17,0.96,1.35,1.26,N,1.08
Persea macrantha,Drupaceous ,2.65,1.34,1.73,1.48,1.5,1.11,1.47,1.31,N,1.15
