year,month,rainfall,maxTemp,minTemp,absminTemp,temperature,maxRH,minRH,humidity,maxwind,minwind,windspeed,maxgust,mingust,gustspeed,maxdew,mindew,dewpoint,maxRad,minRad,radiance,daylight
2014,1,0,25.99225,14.68425,13.546,19.370921875,85.35,50.25,68.34440104166667,1.635,0.03125,0.7550520833333333,6.0125,0.66,3.0594791666666667,16.1625,10.7375,13.162369791666666,1981.5125,1.2,524.7611979166667,11.96875
2014,2,0.8,28.570857142857143,15.6205,13.449,21.02275111607143,89.90714285714286,45.403571428571425,68.68709077380953,1.4207142857142858,0.026785714285714284,0.46493303571428574,4.658214285714286,0.25107142857142856,2.0826153273809522,17.52857142857143,11.02142857142857,14.186197916666666,2063.7,1.2,497.5560267857143,12
2014,3,6,30.056709677419356,17.123709677419356,15.151,22.542100134408603,84.13548387096775,39.8,62.252049731182794,1.3974193548387097,0,0.42529905913978494,5.288709677419355,0.1867741935483871,2.0892405913978496,17.532258064516128,9.196774193548388,13.64502688172043,2085.3935483870964,1.2,497.01065188172043,12.241935483870968
2014,4,27.2,30.53483333333333,18.542333333333332,16.749,22.94505416666667,97.93,52.053333333333335,82.71395833333334,1.385,0,0.21054861111111112,4.256333333333333,0,1.2119722222222222,22.07,16.063333333333333,19.42232638888889,1927.2,1.2,395.98038194444445,12.4
2014,5,185.01000000000002,28.306,18.43993548387097,16.058,22.03251814516129,98.63225806451612,66.05806451612904,87.43040994623657,1.5029032258064516,0,0.32697916666666665,4.767741935483871,0.016129032258064516,1.5071807795698924,22.829032258064515,17,19.665893817204303,1792.651612903226,1.2,365.5220766129032,12.620967741935484
2014,6,307.2,25.350066666666667,18.048433333333332,16.392,20.534832291666667,99.74,82,94.48027777777777,1.4006666666666667,0,0.3510243055555555,5.439666666666667,0.15966666666666668,1.91934375,22.67,17.723333333333333,19.577604166666667,1426.2833333333333,1.2,254.39704861111113,12.575
2014,7,717.6,22.795354838709677,17.586935483870967,16.439,19.195610887096773,99.75806451612904,90.1774193548387,97.38430779569893,1.3162378392217102,0,0.1365208440006827,7.293666794674859,0.2048425499231951,1.8823109612348523,9.533490988223246,4.938938197644649,6.468508914703874,1162.651612903226,1.2,180.74469086021506,12.346774193548388
2014,8,802.2,23.848129032258065,17.253645161290322,15.557,19.259166666666665,100,87.26129032258065,97.4168682795699,0.45751645819618175,0,0.06940738778710408,4.020966919025675,0.18155365371955232,1.5366720955855462,15.02428998427328,4.984124222807402,7.614450068994892,1224.667741935484,1.2,201.08659274193548,12.129032258064516
2014,9,380.40000000000003,25.2436,17.343566666666668,16.034,19.83269513888889,99.94666666666667,80.8,95.23774305555555,0.39329393424036285,0,0.06333179799697655,3.6861074263038547,0.15859325396825394,1.3458762400793651,25.72858698979592,12.890805234315948,17.77146457211357,1688.3666666666666,1.2,277.3597222222222,12.083333333333334
2014,10,207.4,26.466612903225805,17.416387096774194,15.939,20.328553763440862,99.99032258064516,77.2516129032258,94.18595430107527,0.34253209348255437,0,0.050178728581486344,3.5985220539828835,0.06220210664911124,1.1471304449199036,17.858334787140663,-5.244633649696437,2.3082422278835373,1850.0709677419354,1.2,306.22688172043013,11.798387096774194
2014,11,20.2,25.273766666666667,16.875799999999998,14.505,19.85437222222222,97.49333333333334,71.41666666666667,87.45729166666666,0.5251578798185942,0,0.08795482272770218,4.449543650793651,0.2612757936507936,1.8625505981906652,14.959754185563115,2.687894268707483,7.4349088113347195,1710.2,1.2,336.59236111111113,11.708333333333334
2014,12,31.400000000000002,25.51322580645161,16.648935483870968,14.05,19.708603158602152,96.22903225806452,67.3741935483871,85.38581989247312,0.733865207373272,0,0.1773732718894009,4.997016129032258,0.5807776497695852,2.353908230126728,14.836521198156682,3.064103686635945,7.645293020353303,1712.3290322580644,1.2,343.5781922043011,11.629032258064516
2015,1,0,26.27051612903226,14.849064516129033,12.292,19.515086693548387,92.51935483870967,57.57419354838709,77.35547715053764,0.9255837173579109,0.0019041218637992831,0.25311389262246115,5.347176779313876,0.5687602406554019,2.5816393315838884,16.98419662523856,2.2539471256342223,9.272837741857904,1888.7,1.2,449.5299731182796,11.879032258064516
2015,2,22,28.149142857142856,15.717285714285714,14.098,20.74576785714286,85.89642857142857,44.385714285714286,66.95331101190476,1.0832454648526078,0.002232142857142857,0.2912402122307256,5.4256292517006806,0.29547973356009066,2.432550931831066,17.78179853638425,3.26398553906411,10.85050476254896,1983.6107142857143,1.2,496.99520089285716,11.982142857142858
2015,3,62.2,28.96783870967742,16.953129032258065,14.984,21.742057795698926,96.95483870967742,52.31612903225806,77.94751344086022,0.8978554970375248,0,0.20110948815009874,4.788586240947992,0.09384874917709017,1.7816711240947993,20.335498207885305,4.164943356374808,12.122771410703619,2083.78064516129,1.2,469.325,12.169354838709678
2015,4,192.6,28.692633333333333,18.044433333333334,16.439,21.83887222222222,99.04,67.49666666666667,89.17927083333333,0.6433991874527589,0,0.07107143841332828,4.000257842025699,5.170068027210686e-4,1.0863376007810532,21.827007804232803,9.122519126984127,14.39725092895723,1982.3666666666666,1.2,347.5758680555556,12.358333333333333
2015,5,158.2,28.450129032258065,18.52209677419355,17.582,22.02711626344086,99.60322580645162,72.58064516129032,91.14045698924731,0.5458883768561188,0,0.08420640254309608,3.944782386072709,0.061776753712237564,1.1701460360129716,16.220792626728112,6.283266359447004,9.563726603302612,1666.8451612903225,1.2,311.73931451612907,12.459677419354838
2015,6,524,26.249033333333333,18.0659,16.892,20.59615763888889,99.88333333333334,79.9,94.71871527777778,0.6478518518518519,0,0.11700957157554379,4.327566137566138,0.20225925925925925,1.67869437095826,12.625037777777779,6.273546084656084,8.303332824074074,1468.5333333333333,1.2,253.01336805555556,12.533333333333333
2015,7,337.2,25.23974193548387,17.354096774193547,15.7,19.992578965053763,99.98709677419355,83.40645161290323,95.45047043010753,0.535028801843318,0,0.0655069457778631,4.670486431131593,0.2692396313364055,1.761837117575525,9.533490988223246,4.938938197644649,6.468508914703874,1259.909677419355,1.2,230.6077620967742,12.491935483870968
2015,8,254.6,26.47083870967742,17.49909677419355,15.509,20.452017809139786,99.89354838709677,77.81612903225806,93.7616935483871,0.45751645819618175,0,0.06940738778710408,4.020966919025675,0.18155365371955232,1.5366720955855462,15.02428998427328,4.984124222807402,7.614450068994892,1454.183870967742,1.2,263.14892473118283,12.290322580645162
2015,9,349.6,27.492366666666666,17.479066666666668,15.963,20.645741319444443,99.86666666666667,74.52666666666667,93.01923611111111,0.39329393424036285,0,0.06333179799697655,3.6861074263038547,0.15859325396825394,1.3458762400793651,25.72858698979592,12.890805234315948,17.77146457211357,1688.3666666666668,1.2,288.9369791666667,12.058333333333334
2015,10,94.60000000000001,27.77541935483871,17.560548387096773,15.652,21.200116599462365,98.69677419354839,69.56774193548387,88.30467069892472,0.34253209348255437,0,0.050178728581486344,3.5985220539828835,0.06220210664911124,1.1471304449199036,17.858334787140663,-5.244633649696437,2.3082422278835373,1877.8129032258064,1.2,382.51636424731186,11.959677419354838
2015,11,162.8,25.6209,17.586766666666666,15.796,20.272612847222224,99.25,76.62333333333333,91.57427083333333,0.5251578798185942,0,0.08795482272770218,4.449543650793651,0.2612757936507936,1.8625505981906652,14.959754185563115,2.687894268707483,7.4349088113347195,1652.7,1.2,303.3015625,11.625
2015,12,72.2,25.468967741935483,17.052,14.745,19.98667573924731,95.98064516129033,71.38387096774194,87.13212365591397,0.733865207373272,0,0.1773732718894009,4.997016129032258,0.5807776497695852,2.353908230126728,14.836521198156682,3.064103686635945,7.645293020353303,1817.167741935484,1.2,362.01905241935486,11.661290322580646
2016,1,0.6000000000000001,27.67322580645161,15.999870967741936,13.257,20.418687836021505,90.41612903225807,54.348387096774196,75.00846774193549,0.9255837173579109,0.0019041218637992831,0.25311389262246115,5.347176779313876,0.5687602406554019,2.5816393315838884,16.98419662523856,2.2539471256342223,9.272837741857904,1893.0548387096774,1.2,466.43269489247314,11.806451612903226
2016,2,7,29.27610344827586,16.766310344827588,15.366,21.815702586206896,89.7,48.93793103448276,70.17191091954022,1.0828195128626164,0.0021551724137931034,0.29117794711275313,5.421284893267652,0.29613437328954567,2.4319558617268746,17.8091872568045,3.1704709857192612,10.861664691143787,2067.1482758620687,1.2,474.2872844827586,11.974137931034482
2016,3,66.2,30.740451612903225,17.73851612903226,15.7,22.914078293010753,97.37741935483871,51.725806451612904,79.49122983870967,0.8978554970375248,0,0.20110948815009874,4.788586240947992,0.09384874917709017,1.7816711240947993,20.335498207885305,4.164943356374808,12.122771410703619,2045.3129032258064,1.2,455.1793346774194,12.21774193548387
2016,4,34,31.722533333333335,19.200433333333333,17.986,24.075695833333334,99.51,59.54666666666667,86.275,0.6433991874527589,0,0.07107143841332828,4.000257842025699,5.170068027210686e-4,1.0863376007810532,21.827007804232803,9.122519126984127,14.39725092895723,1832.7,1.2,386.8276041666667,12.533333333333333
2016,5,171.21,29.61758064516129,18.591064516129034,16.439,22.493775201612902,99.46129032258065,68.48709677419355,89.63245967741935,0.5458883768561188,0,0.08420640254309608,3.944782386072709,0.061776753712237564,1.1701460360129716,16.220792626728112,6.283266359447004,9.563726603302612,1731.6032258064515,1.2,322.90110887096773,12.556451612903226
2016,6,427.40000000000003,24.6234,17.844666666666665,16.606,19.769831597222222,99.99666666666667,85.77666666666667,97.10222222222222,0.6478518518518519,0,0.11700957157554379,4.327566137566138,0.20225925925925925,1.67869437095826,12.625037777777779,6.273546084656084,8.303332824074074,1197.8666666666668,1.2,185.69913194444445,12.466666666666667
2016,7,474,24.737129032258064,17.738,17.153,19.781987231182796,99.99032258064516,85.48709677419355,96.84018817204301,0.535028801843318,0,0.0655069457778631,4.670486431131593,0.2692396313364055,1.761837117575525,9.533490988223246,4.938938197644649,6.468508914703874,1219.0225806451613,1.2,197.77426075268818,12.419354838709678
2016,8,209,25.40609677419355,17.710354838709677,16.701,19.822368615591397,99.99677419354839,84.10967741935484,96.87587365591398,0.45751645819618175,0,0.06940738778710408,4.020966919025675,0.18155365371955232,1.5366720955855462,15.02428998427328,4.984124222807402,7.614450068994892,1197.2483870967742,1.2,187.39707661290322,12.193548387096774
2016,9,100.4,25.783133333333332,16.9837,14.649,19.846868055555554,99.94333333333333,78.45333333333333,94.13791666666667,0.39329393424036285,0,0.06333179799697655,3.6861074263038547,0.15859325396825394,1.3458762400793651,25.72858698979592,12.890805234315948,17.77146457211357,1572.8666666666668,1.2,280.6296875,12.091666666666667
2016,10,159.4,27.102354838709676,16.373548387096776,13.69,20.275850470430107,99.99354838709678,71.3258064516129,92.07432795698925,0.34253209348255437,0,0.050178728581486344,3.5985220539828835,0.06220210664911124,1.1471304449199036,17.858334787140663,-5.244633649696437,2.3082422278835373,1726.683870967742,1.2,334.6467405913979,11.943548387096774
2016,11,11.8,27.173666666666666,16.2022,13.954,20.30159548611111,96.19,63.52333333333333,82.06119212962963,0.5251578798185942,0,0.08795482272770218,4.449543650793651,0.2612757936507936,1.8625505981906652,20.430819520030234,12.17208456160242,15.847625659800958,1850.8666666666668,1.2,392.8186342592593,11.705773809523809
2016,12,59.6,25.94267741935484,15.379096774193549,11.467,19.346612903225807,96.41612903225807,63.42258064516129,83.18760080645161,0.733865207373272,0,0.1773732718894009,4.997016129032258,0.5807776497695852,2.353908230126728,19.561290322580646,13.341935483870968,16.188810483870967,1768.941935483871,1.2,381.78467741935486,11.637096774193548
2017,1,13.600000000000001,26.48216129032258,14.899806451612903,12.775,19.426352822580647,93.65161290322581,55.89677419354839,76.978125,0.9255837173579109,0.0019041218637992831,0.25311389262246115,5.347176779313876,0.5687602406554019,2.5816393315838884,18.316129032258065,12.17741935483871,14.937936827956989,1842.167741935484,1.2,409.24939516129035,11.806451612903226
2017,2,0.8,29.070071428571428,15.198571428571428,13.112,20.82878757440476,87.09642857142858,36.67857142857143,61.05186011904762,1.0832454648526078,0.002232142857142857,0.2912402122307256,5.4256292517006806,0.29547973356009066,2.432550931831066,16.585714285714285,7.428571428571429,12.098474702380953,2077.092857142857,1.2,524.0171502976191,11.982142857142858
2017,3,95.2,29.153806451612905,17.072451612903226,15.461,21.60590557795699,97.56451612903226,56.08709677419355,82.19156586021505,0.8978554970375248,0,0.20110948815009874,4.788586240947992,0.09384874917709017,1.7816711240947993,21.625806451612902,13.90967741935484,17.739650537634407,2018.3774193548386,1.2,393.33121639784946,12.088709677419354
2017,4,56,30.149733333333334,18.1991,16.892,22.97682777777778,99.90333333333334,62.48,87.93541666666667,0.6433991874527589,0,0.07107143841332828,4.000257842025699,5.170068027210686e-4,1.0863376007810532,23.846666666666668,17.326666666666668,20.584791666666668,1839.95,1.2,388.4300347222222,12.408333333333333
2017,5,120.8,29.038129032258066,18.347193548387096,17.225,22.046959677419355,99.88709677419355,72.53870967741935,91.69163306451613,0.5458883768561188,0,0.08420640254309608,3.944782386072709,0.061776753712237564,1.1701460360129716,24.387096774193548,17.906451612903226,20.538844086021506,1714.0225806451613,1.2,317.28198924731186,12.491935483870968
2017,6,382.4,24.450666666666667,18.019233333333332,17.011,20.023561458333333,100,88.17,97.51364583333333,0.6478518518518519,0,0.11700957157554379,4.327566137566138,0.20225925925925925,1.67869437095826,22.806666666666665,18.026666666666667,19.612881944444446,1266.3666666666668,1.2,200.14270833333333,12.516666666666667
2017,7,249,25.105225806451614,17.596064516129033,15.414,19.92404133064516,99.96774193548387,84.27096774193548,96.55063844086021,0.535028801843318,0,0.0655069457778631,4.670486431131593,0.2692396313364055,1.761837117575525,22.806451612903224,17.538709677419355,19.341095430107526,1350.716129032258,1.2,212.56844758064517,12.42741935483871
2017,8,427.6,25.34967741935484,17.89441935483871,16.415,20.181379368279572,100,84.86774193548388,96.75987903225807,0.45751645819618175,0,0.06940738778710408,4.020966919025675,0.18155365371955232,1.5366720955855462,22.990322580645163,17.916129032258063,19.619254032258066,1146.441935483871,1.2,196.2554435483871,12.120967741935484
2017,9,521.8,26.137533333333334,17.458266666666667,14.912,20.20899027777778,100,83.11333333333333,96.42631944444445,0.39329393424036285,0,0.06333179799697655,3.6861074263038547,0.15859325396825394,1.3458762400793651,23.516666666666666,17.46,19.5846875,1209.45,1.2,200.32847222222222,11.866666666666667
2017,10,95.60000000000001,28.658032258064516,17.381129032258066,15.819,20.9606374327957,99.62903225806451,71.44193548387096,91.64193548387097,0.34253209348255437,0,0.050178728581486344,3.5985220539828835,0.06220210664911124,1.1471304449199036,23.629032258064516,16.95806451612903,19.416431451612905,1461.683870967742,1.2,275.319623655914,11.814516129032258
2017,11,59.2,27.077066666666667,17.165266666666668,14.17,20.474682986111112,99.04333333333334,69.58,88.70354166666667,0.5251578798185942,0,0.08795482272770218,4.449543650793651,0.2612757936507936,1.8625505981906652,21.916666666666668,15.81,18.397534722222222,1414.45,1.2,268.13923611111113,11.575
2017,12,11.200000000000001,26.476290322580645,15.487032258064517,13.064,19.515426075268817,96.70645161290322,65.6774193548387,84.67721774193548,0.733865207373272,0,0.1773732718894009,4.997016129032258,0.5807776497695852,2.353908230126728,20.561290322580646,13.416129032258064,16.704065860215053,1389.0225806451613,1.2,303.3841397849462,11.596774193548388
2018,1,1.2000000000000002,27.661309660769337,14.67609260094744,12.243,19.676490750932537,92.10900711922486,51.13095747532038,73.86532742224173,0.9255837173579109,0.0019041218637992831,0.25311389262246115,5.347176779313876,0.5687602406554019,2.5816393315838884,18.104795563934275,11.279283144812178,14.362329454394173,1490.3948105657782,1.2,341.49941014127,11.746942573555478
2018,2,29.5,28.514115179463396,15.994094780219779,15.506194805194806,21.131137251420455,83.54005222456115,40.82918357535321,63.00050968488357,1.0832454648526078,0.002232142857142857,0.2912402122307256,5.4256292517006806,0.29547973356009066,2.432550931831066,17.78179853638425,3.26398553906411,10.85050476254896,1627.3241437134293,1.2,399.45115987992665,11.991263201084628
2018,3,90.3,30.244644909928784,17.25681210724759,16.855675324675325,22.43047977499651,89.15926426476749,42.864794930875576,68.93940372591119,0.8978554970375248,0,0.20110948815009874,4.788586240947992,0.09384874917709017,1.7816711240947993,20.399113927291346,4.7320988223246285,12.471053842112562,1708.800020946795,1.2,395.6586693548387,12.15011520737327
2018,4,48.8,30.865133333333333,18.6073,16.749,23.252764236111112,99.56,57.79666666666667,85.26104166666667,0.4153630952380953,0,0.04578357071995464,3.4648027210884353,5.170068027210811e-4,0.9467372803287982,23.906666666666666,17.106666666666666,20.274722222222223,1909.7,1.2,399.9795138888889,12.358333333333333
2018,5,345.7,28.381193548387095,18.226612903225806,16.963,21.595441868279572,99.99032258064516,76.39032258064516,93.89791666666666,0.19419354838709676,0,0.012644489247311829,2.939032258064516,0.016129032258064516,0.6070396505376344,24.393548387096775,18.141935483870967,20.491733870967742,1609.2645161290322,1.2,278.7982862903226,12.443548387096774
2018,6,805.4,23.853466666666666,17.83513333333333,16.177,19.729572222222224,100,90.81,98.390625,0.6196666666666667,0,0.09969791666666666,4.177333333333333,0.23500000000000001,1.60509375,22.653333333333332,17.83,19.472951388888887,1060.95,1.2,164.14097222222222,12.433333333333334
2018,7,939,22.205451612903225,17.212806451612902,15.031,18.965790322580645,99.99032258064516,93.49032258064516,98.59368279569892,0.5338709677419354,0,0.03850806451612903,4.400645161290322,0.1938709677419355,1.5693346774193548,21.38064516129032,17.16774193548387,18.739549731182795,701.1193548387097,1.2,117.57516801075269,12.14516129032258
2018,8,962.4,22.55283870967742,17.44109677419355,15.796,18.977540658602152,100,91.24516129032259,98.19055779569892,0.3387096774193548,0,0.01310483870967742,4.0435483870967746,0.08064516129032258,1.2936626344086022,21.429032258064517,17.45806451612903,18.68622311827957,641.925806451613,1.2,99.73326612903226,11.983870967741936
2018,9,113.8,28.520433333333333,16.5379,14.481,20.850520833333334,100,67.50666666666666,90.02444444444444,0.05,0,5.208333333333333e-4,2.803,0,0.6397743055555556,22.873333333333335,16.01,18.95795138888889,1143.1166666666668,1.2,217.9934027777778,12.033333333333333
2018,10,242,27.55109677419355,17.088516129032257,14.984,20.67109811827957,98.54838709677419,71.13548387096775,89.50430107526881,0.06451612903225806,0,0.006216397849462365,3.1993548387096773,0.016129032258064516,0.7738104838709677,23.12258064516129,15.64516129032258,18.677419354838708,905.8774193548387,1.2,169.48881048387096,11.64516129032258
2018,11,150.4,26.579766666666668,16.8526,14.529,20.29536388888889,98.49,71.76333333333334,88.4042361111111,0.13333333333333333,0,0.004166666666666667,3.8423333333333334,0,1.07728125,22.076666666666668,15.566666666666666,18.150347222222223,842.7,1.2,173.7763888888889,11.491666666666667
2018,12,0,26.863806451612902,16.06522580645161,13.93,19.99808198924731,96.87741935483871,64.6741935483871,83.41048387096774,0.3229032258064516,0,0.027893145161290323,4.1248387096774195,0.016129032258064516,1.3877016129032258,20.732258064516127,13.8,16.901948924731183,895.6354838709677,1.2,193.7226814516129,11.5
2019,1,0,26.78448387096774,14.34032258064516,11.273,19.236322244623654,86.73870967741935,48.935483870967744,68.90194892473119,0.8283870967741935,0,0.16949260752688172,5.3748387096774195,0.21064516129032257,2.2186323924731184,17.548387096774192,8.274193548387096,12.973387096774193,1019.9903225806452,1.2,248.37237903225807,11.612903225806452
2019,2,0,29.93764285714286,16.442107142857143,13.906,21.82939136904762,90.71428571428571,49.88928571428571,72.47767857142857,0.8989285714285714,0,0.18918154761904762,5.195714285714286,0.16142857142857142,1.997797619047619,19.914285714285715,12.232142857142858,15.952752976190476,1138.7892857142858,1.2,275.07555803571427,11.875
2019,3,14.6,31.777870967741936,17.036290322580644,15.175,23.10445934139785,94.9258064516129,42.061290322580646,74.67610887096774,0.9261290322580645,0,0.1799831989247312,4.902903225806452,0,1.5021505376344086,21.529032258064515,13.12258064516129,17.532896505376343,1216.1193548387098,1.2,306.27896505376344,12.120967741935484
2019,4,108.01,31.5122,18.382166666666667,16.749,23.39262534722222,99.67666666666666,53.63333333333333,84.12288194444444,0.67,0,0.06304861111111111,4.3276666666666666,0,1.03725,23.303333333333335,16.89666666666667,20.078784722222224,1302.45,1.2,278.8232638888889,12.308333333333334
2019,5,59.4,29.721612903225807,18.52274193548387,16.272,22.90301377688172,99.92258064516129,70.69354838709677,90.51784274193548,0.2432258064516129,0,0.008081317204301075,4.091612903225807,0,0.8453091397849462,24.874193548387098,17.970967741935485,21.142137096774192,1305.958064516129,1.2,265.91942204301074,12.53225806451613
2019,6,197,26.25786666666667,18.30056666666667,17.51,21.062268055555556,99.85333333333334,80.41333333333333,94.81010416666666,0.285,0,0.02086111111111111,4.210333333333334,0.151,1.4578819444444444,23.43,18.213333333333335,20.14326388888889,1225.2,1.2,236.24600694444445,12.55
2019,7,403.6,24.789870967741937,17.668774193548387,15.748,19.95919254032258,99.99354838709678,86.76451612903226,97.04929435483871,0.16129032258064516,0,0.003360215053763441,3.783225806451613,0.04838709677419355,1.114573252688172,22.93225806451613,17.638709677419357,19.46293682795699,1149.1032258064517,1.2,193.53030913978495,12.459677419354838
2019,8,979,23.422645161290323,17.525387096774192,16.392,19.42283501344086,100,89.93870967741935,98.01861559139785,0.8929032258064517,0,0.14895497311827957,4.903225806451613,0.19451612903225807,1.9706317204301076,22.10967741935484,17.53548387096774,19.09774865591398,868.4580645161291,1.2,150.09112903225807,12.120967741935484
2019,9,337.8,26.1292,17.7939,16.344,20.301253125,100,83.35,96.48666666666666,0.7043333333333334,0,0.09013194444444445,4.211,0.10033333333333333,1.5259895833333332,23.53333333333333,17.796666666666667,19.68861111111111,1228.8666666666668,1.2,208.4482638888889,11.95
2019,10,302.4,26.490870967741934,17.495516129032257,15.652,20.436644825268818,99.88709677419355,80.32903225806452,95.12422715053764,0.48612903225806453,0,0.06536962365591398,4.042258064516129,0.08129032258064516,1.2658198924731183,23.493548387096773,17.47741935483871,19.59159946236559,1237.409677419355,1.2,219.21327284946238,11.790322580645162
2019,11,47,26.1536,17.343466666666668,15.151,20.524763541666665,99.50666666666666,77.05666666666667,91.58100694444444,0.654,0,0.12140972222222222,5.134,0.25233333333333335,2.0415381944444446,22.363333333333333,16.503333333333334,19.025902777777777,1299.6166666666668,1.2,275.30850694444445,11.7
2019,12,19,24.838645161290323,16.76532258064516,14.792,19.55203998655914,97.99677419354839,76.89032258064516,90.13622311827957,0.8770967741935484,0,0.2455981182795699,5.618387096774193,0.682258064516129,2.7838541666666665,21.177419354838708,15.316129032258065,17.83427419354839,1267.4903225806452,1.2,274.4459677419355,11.556451612903226
2020,1,0.8,27.22651612903226,15.858096774193548,14.098,20.390744623655912,94.29032258064517,60.9,79.25863575268818,0.844516129032258,0,0.21863239247311828,5.195806451612904,0.30806451612903224,2.3249529569892475,20.061290322580646,13.522580645161291,16.402486559139785,1466.6032258064517,1.2,344.9306787634409,11.75
2020,2,0,28.659827586206898,15.821241379310345,13.834,21.180572557471265,92.6896551724138,51.54137931034483,72.90305316091954,1.06,0,0.26979885057471265,5.762758620689655,0.19,2.372859195402299,19.46206896551724,12.696551724137931,15.76264367816092,1620.1655172413793,1.2,420.51124281609196,12
2020,3,21.6,30.422709677419356,17.51909677419355,15.652,22.50522311827957,97.81290322580645,55.535483870967745,81.21992607526882,0.7467741935483871,0,0.09839717741935484,4.465806451612903,0,1.2445362903225807,22.587096774193547,15.774193548387096,18.720665322580647,1799.909677419355,1.2,397.3307123655914,12.169354838709678
2020,4,58.410000000000004,31.352566666666664,18.3441,16.796,23.11273611111111,98.93333333333334,55.28333333333333,83.01881944444445,0.94,0,0.08426388888888889,4.479333333333334,0,1.0770104166666667,23.456666666666667,16.54,19.6259375,1816.0333333333333,1.2,391.3753472222222,12.45
2020,5,101.8,29.900935483870967,19.211709677419353,17.677,23.009693548387098,99.25483870967741,69.36774193548388,89.93128360215054,0.48516129032258065,0,0.031780913978494627,3.750645161290323,0,0.8666868279569893,24.835483870967742,18.670967741935485,21.13081317204301,1585.2322580645161,1.2,310.85473790322584,12.596774193548388
2020,6,377.2,26.696066666666667,18.0873,16.558,20.698815046296296,99.2,81.14,94.61402777777778,0.721,0,0.12245023148148147,4.429,0.15066666666666667,1.797085648148148,23.913333333333334,17.826666666666668,19.77638888888889,1395.7,1.2,245.84149305555556,12.566684704184704
2020,7,632.02,25.822870967741935,17.869967741935483,16.01,20.2637936827957,99.65161290322581,85.48709677419355,95.99086021505376,0.14516129032258066,0,0.007392473118279569,3.571935483870968,0.06451612903225806,1.3630443548387097,23.629032258064516,17.712903225806453,19.578763440860214,1098.6193548387098,1.2,215.52627688172043,12.403225806451612
2020,8,749.2,24.285612903225807,17.81006451612903,15.867,20.097019489247312,99.71935483870968,87.26451612903226,96.06586021505376,0.27516129032258063,0,0.03229166666666666,4.2058064516129035,0.30870967741935484,1.867130376344086,22.322580645161292,17.741935483870968,19.41559139784946,1037.167741935484,1.2,223.6092741935484,12.32258064516129
2020,9,475.4,23.852633333333333,17.469766666666665,16.225,19.482443055555557,93.56333333333333,78.64,87.21201388888889,0.18366666666666667,0,0.03403472222222222,3.993666666666667,0.41866666666666663,1.7262291666666667,21.44333333333333,11.613333333333333,15.320972222222222,948.2,1.2,173.51770833333333,11.933333333333334
2020,10,118.8,26.338,16.896290322580644,14.768,20.23438373655914,53.45161290322581,1.2225806451612904,20.660551075268817,0.11290322580645161,0,0.008400537634408602,3.5396774193548386,0.08129032258064516,1.264502688172043,10.693548387096774,-38.70645161290322,-17.863575268817204,1384.2645161290322,1.2,286.5763440860215,11.838709677419354
2020,11,85.00999999999999,26.293087950937952,17.551551998557,15.724,20.66329285488817,85.10975274170275,42.50637301587302,66.3874572623557,0.49978146258503403,0,0.09023412107898715,4.80116298185941,0.35630810657596373,2.1998845781368104,21.613860383597885,1.2025492328042329,11.837247480434304,1558.326388888889,1.2,336.9634325021044,11.805981240981241
2020,12,110.60000000000001,24.1918064516129,16.532774193548388,13.738,19.230076612903225,91.29677419354839,66.08387096774193,80.88044354838709,0.6812903225806451,0,0.14751344086021506,5.3909677419354844,0.8438709677419355,2.704771505376344,20.403225806451612,11.990322580645161,15.698991935483871,1363.1354838709678,1.2,299.01081989247314,11.774193548387096
2021,1,80.6,24.086290322580645,16.18125806451613,13.786,19.109516129032258,92.99032258064516,73.79032258064517,86.00416666666666,0.8770967741935484,0,0.23861559139784946,5.845806451612903,0.7296774193548387,2.876048387096774,20.18064516129032,13.841935483870968,16.637432795698924,1477.0064516129032,1.2,329.76854838709676,11.64516129032258
2021,2,13.200000000000001,27.258785714285715,15.656678571428571,13.064,20.265309523809524,88.95714285714286,54.23571428571429,73.64940476190476,0.7907142857142857,0,0.24273065476190475,5.357142857142858,0.41285714285714287,2.55109375,18.803571428571427,11.871428571428572,14.960416666666667,1831.557142857143,1.2,465.6308035714286,12.178571428571429
2021,3,2.6,29.98016129032258,16.690709677419356,14.122,22.32699193548387,92.28387096774193,45.958064516129035,70.97331989247311,0.8125806451612904,0,0.17006720430107528,4.984516129032258,0.016129032258064516,2.0314650537634407,20.406451612903226,12.351612903225806,16.193413978494625,1910.958064516129,1.2,507.6600134408602,12.46774193548387
2021,4,65,29.901833333333332,18.168033333333334,16.534,22.522692361111112,91.81333333333333,62.99666666666667,81.81097222222222,0.368,0,0.035131944444444445,3.506666666666667,0,0.9624513888888888,23.923333333333332,15.11,18.996319444444445,1579.0333333333333,1.2,353.3909722222222,12.5
2021,5,322.8,27.301483870967743,18.245645161290323,15.485,21.571539650537634,91.69354838709677,76.51290322580645,86.39556451612903,0.6480645161290323,0,0.13495967741935483,4.594838709677419,0.1461290322580645,1.6667809139784946,23.66774193548387,16.138709677419357,19.171370967741936,1439.8290322580644,1.2,323.21276881720433,12.806451612903226
2021,6,362.01,25.887733333333333,17.395,15.7,20.377089583333333,97.34333333333333,82.14333333333333,93.105,0.3006666666666667,0,0.03613888888888889,3.876,0.26866666666666666,1.5339930555555557,23.17,16.753333333333334,19.196666666666665,1267.3666666666668,1.2,266.2815972222222,12.75
2021,7,731.8,23.565322580645162,17.648193548387095,15.676,19.63827956989247,99.29032258064517,90.38387096774194,97.17479838709677,0.04838709677419355,0,0.0023521505376344087,3.5074193548387096,0.1296774193548387,1.3870967741935483,22.338709677419356,17.43225806451613,19.177083333333332,889.3451612903226,1.2,170.0692876344086,12.419354838709678
2021,8,340.6,24.762838709677418,17.50990322580645,15.867,19.86052822580645,97.94193548387096,86.45483870967742,95.16861559139785,0,0,0,3.0203225806451615,0.03258064516129032,0.9323655913978495,22.916129032258066,17.04193548387097,19.05685483870968,960.5548387096775,1.2,196.69059139784946,12.17741935483871
2021,9,286.8,25.13032766955267,17.564604617604616,15.843,20.098819334791365,91.73516118326118,79.22048614718615,87.75434047694203,0.37492942176870747,0,0.08538312251984127,3.5183222789115645,0.1439362244897959,1.2764549939767573,21.837365854119426,15.426371286848072,17.704990674800012,1002.5191378066378,1.2,198.07494720268159,12.106280663780664
2021,10,397.8,25.850387096774195,17.812451612903224,16.82,20.401010752688173,95.18709677419355,84.10645161290323,91.62204301075269,0.6003225806451613,0,0.10356182795698925,4.07483870967742,0.04838709677419355,1.436391129032258,23.406451612903226,16.587096774193547,18.99502688172043,1056.441935483871,1.2,197.05685483870968,11.774193548387096
2021,11,335.6,24.8441,17.403333333333332,13.834,19.858771527777776,98.14333333333333,86.15,94.7598611111111,0.6023333333333334,0,0.07978472222222223,4.293666666666667,0.13366666666666666,1.6937222222222221,22.993333333333332,16.733333333333334,18.994027777777777,938.6166666666667,1.2,171.98472222222222,11.483333333333333
2021,12,47.4,25.867645161290323,16.09883870967742,13.161,19.671039650537633,96.93225806451613,73.95806451612903,88.01028225806452,0.6829032258064516,0,0.15758736559139785,4.740967741935484,0.6651612903225806,2.289233870967742,21.65216129032258,14.477548387096775,17.507373655913977,1247.409677419355,1.2,277.65833333333336,11.53225806451613
2022,1,3.4,27.323709677419355,15.612612903225806,13.449,19.883784274193548,97.81935483870967,63.92580645161291,85.9192876344086,0.6487096774193548,0,0.15435483870967742,4.74,0.32451612903225807,2.0615255376344086,21.29283870967742,14.339774193548386,17.201034946236557,1331.5225806451613,1.2,301.18655913978495,11.983870967741936
2022,2,0,28.293642857142856,15.803071428571428,14.098,20.896397321428573,95.77857142857142,53.207142857142856,77.24099702380953,0.8817857142857143,0,0.19090029761904762,4.871428571428572,0.16142857142857142,2.115751488095238,20.190464285714285,12.855321428571429,16.37571726190476,1396.6464285714287,1.2,346.59806547619047,11.982142857142858
2022,3,66,30.225387096774192,17.45983870967742,15.294,22.370469758064516,88.41935483870968,50.28387096774193,72.2518817204301,0.9416129032258065,0,0.2229771505376344,4.789677419354839,0.2761290322580645,2.0638978494623657,20.38035483870968,12.82,16.20712567204301,1435.4741935483871,1.2,352.3979166666667,12.080645161290322
2022,4,201.01999999999998,29.0998,18.293333333333333,16.534,22.253606944444446,92.94666666666667,70.34333333333333,85.85069444444444,0.4686666666666667,0,0.042409722222222224,3.7083333333333335,0,1.0745138888888888,24.5272,16.34883333333333,19.673475,1478.0333333333333,1.2,326.7607638888889,12.383333333333333
2022,5,352,26.441129032258065,18.211290322580645,16.439,21.055908602150538,92.2741935483871,80.56451612903226,87.5013440860215,0.5022580645161291,0,0.050524193548387095,3.67,0.06483870967741935,1.267728494623656,23.643290322580643,16.111709677419356,18.895680779569894,1068.0548387096774,1.2,221.15631720430108,12.403225806451612
2022,6,259,27.03986666666667,17.813033333333333,16.344,20.805475694444446,95.01666666666667,81.35333333333334,90.62125,0.6533333333333333,0,0.09377083333333333,3.708,0.168,1.5368125,24.30516666666667,16.437166666666666,19.206420833333333,1154.1166666666668,1.2,246.2607638888889,12.5
2022,7,910.8,22.790903225806453,17.600548387096776,15.39,19.400012096774194,97.94193548387096,89.89354838709677,95.71135752688173,0.7132258064516129,0,0.11391129032258064,4.708387096774194,0.47096774193548385,2.177298387096774,21.43493548387097,17.119387096774194,18.701655241935484,602.9741935483871,1.2,114.62909946236559,12.193548387096774
2022,8,777.01,24.182483870967744,17.421096774193547,16.439,19.77227755376344,98.90322580645162,87.63225806451612,95.90853494623656,1.0064516129032257,0,0.18933467741935484,4.740645161290323,0.535483870967742,2.1627755376344084,22.452161290322582,17.117387096774195,19.079870295698925,679.3451612903226,1.2,139.0662634408602,12.080645161290322
2022,9,331.22,26.3127,16.9291,14.888,20.208138194444444,81.47666666666666,45.973333333333336,63.841319444444444,0.821,0,0.18391666666666667,4.245333333333333,0.3353333333333333,1.8080972222222222,21.789533333333335,-0.8446,10.620309027777777,809.5333333333334,1.2,171.46041666666667,12.033333333333333
2022,10,231.8,27.062736279849183,17.14287648373132,15.127,20.431973997608573,54.56988039379975,2.6731964809384166,16.113471344347857,0.5113495720868992,0,0.0672328286153171,3.6508080974325217,0.0331278801843318,1.2152072446922317,14.341658474142346,-38.47400614439324,-22.371288437126644,850.0071672950705,1.2,169.02941835550203,11.782930107526882
2022,11,114.60000000000001,25.518261248196247,16.558641731601732,14.385,19.82483384003728,34.394030411255414,2.8975907864357864,11.894814489838865,0.6015958049886622,0,0.09451713671579742,3.9118489229024944,0.25459126984126984,1.7716767231198034,0.7608647864701433,-38.00474660808768,-25.970736668556313,874.5139790764791,1.2,176.6198769690957,11.59090367965368
2022,12,133.8,24.721096774193548,16.284225806451612,14.481,19.30747311827957,34.648387096774194,1.4903225806451612,14.274663978494624,0.714516129032258,0,0.18570564516129032,4.757096774193548,0.5512903225806451,2.235840053763441,-0.04583870967741972,-38.54558064516129,-23.165799731182794,921.0387096774194,1.2,189.54173387096776,11.370967741935484
2023,1,5.6000000000000005,25.60625806451613,15.039,12.896,19.02877553763441,55.64193548387097,2.9064516129032256,29.72385752688172,1.0232258064516129,0,0.2522916666666667,5.065483870967742,0.5516129032258065,2.601108870967742,13.86658064516129,-37.172225806451614,-8.793609543010753,1127.2483870967742,1.2,258.3673387096774,11.951612903225806
2023,2,6.2,27.769000000000002,16.019214285714284,13.906,20.802776041666668,57.19285714285714,19.607142857142858,39.62700892857143,1.17,0,0.3179315476190476,5.6625000000000005,0.5028571428571429,2.822686011904762,13.833214285714286,-13.716428571428573,2.062764136904762,1265.7535714285714,1.2,311.43809523809523,11.946428571428571
2023,3,26.800000000000004,29.707945077503144,17.03382270632593,14.768,22.09559903601103,70.03103732718894,22.257000293255132,48.63751952415864,0.8233113890717577,0,0.20286481477671714,4.688341013824885,0.18860105332455562,1.9826223135423524,17.844863607270867,-13.655242703533027,3.202639828949053,1472.4067448680353,1.2,358.0955496788158,12.121030582320904
2023,4,146.01999999999998,30.036097294372297,18.333828867243867,17.653,22.663546498842592,69.46452899711399,38.77661507215007,57.51119596019721,0.6161108276643992,0,0.06628985083616779,4.046081916099773,5.170068027210738e-4,1.1191242106796422,8.900174312169312,-3.090544682539683,1.5271080277226632,1633.307702020202,1.2,339.98771532287157,12.432251082251081
2023,5,204.82,29.26658064516129,18.50974193548387,17.368,22.302245295698924,7.190322580645161,1,1.6823924731182796,0.2906451612903226,0,0.013783602150537633,3.2793548387096774,0,0.8460685483870968,-21.469129032258063,-38.67529032258064,-35.124278897849464,1441.683870967742,1.2,311.6872311827957,12.564516129032258
2023,6,124,26.818533333333335,18.279933333333332,16.749,21.004772222222222,1.0533333333333332,1,1.0017361111111112,0.45166666666666666,0,0.04838194444444444,3.6750000000000003,0,1.2300416666666667,-33.359,-38.8141,-37.162718749999996,1155.8666666666668,1.2,227.57500000000002,12.65
2023,7,652.4,23.16141935483871,17.968096774193548,16.987,19.61521303763441,1,1,1,0.4054838709677419,0,0.06193548387096774,4.514193548387097,0.3725806451612903,1.8637903225806451,-35.87990322580645,-39.00258064516129,-38.0096310483871,721.2,1.2,137.21646505376344,12.403225806451612
2023,8,77.2,28.85358064516129,17.335548387096775,15.27,21.296475806451614,17.52258064516129,1,3.485215053763441,0.11290322580645161,0,0.009072580645161291,3.4906451612903227,0,0.983763440860215,-9.37758064516129,-39.385838709677415,-33.109375,1411.8451612903227,1.2,308.486626344086,12.516129032258064
2023,9,386.40000000000003,24.8841,17.853566666666666,16.987,19.952157638888888,3.393333333333333,1,1.2160416666666667,0.06666666666666667,0,0.0024305555555555556,3.1546666666666665,0.11733333333333333,1.136611111111111,-30.400766666666666,-39.0719,-37.32727916666666,837.1166666666667,1.2,159.6340277777778,12.066666666666666
2023,10,223.61,27.140709677419355,17.53448387096774,15.796,20.95254569892473,20.203225806451613,1,4.513440860215054,0.14548387096774193,0,0.015134408602150538,3.2470967741935484,0.03258064516129032,0.9826075268817204,-9.095096774193548,-39.26522580645161,-32.370370295698926,1136.0387096774193,1.2,236.75947580645163,11.951612903225806
2023,11,132.2,26.226766666666666,18.0515,16.296,20.812238194444443,9.393333333333333,1,3.5350694444444444,0.468,0,0.06810416666666666,4.479,0.25133333333333335,1.9388125,-22.839166666666667,-38.912533333333336,-34.036997916666664,1149.2833333333333,1.2,219.43784722222222,11.716666666666667
2023,12,64.4,25.71693548387097,17.378967741935483,15.079,20.26461626344086,19.27741935483871,1,4.029166666666667,0.697741935483871,0,0.1458534946236559,5.01741935483871,0.6332258064516129,2.4567674731182794,-11.952,-39.312225806451615,-33.4657251344086,1132.8129032258064,1.2,231.1176747311828,11.46774193548387
2024,1,46,26.28274193548387,16.453419354838708,14.17,20.120603494623655,45.57096774193548,1.6870967741935483,16.451814516129033,0.762258064516129,0,0.15743951612903226,4.98483870967742,0.3570967741935484,2.2193212365591397,7.120774193548387,-38.719806451612904,-20.608041666666665,1229.183870967742,1.2,259.54173387096773,11.82258064516129
2024,2,0,28.452724137931035,16.652275862068965,15.27,21.54196551724138,60.61724137931034,7.606896551724138,34.43800287356322,0.9213793103448276,0,0.22227011494252874,5.172758620689655,0.2944827586206897,2.3632974137931035,18.188241379310345,-30.385655172413795,-4.557144396551724,1369.8206896551724,1.2,323.9837643678161,12
2024,3,0,31.25383870967742,17.46925806451613,15.294,23.12776747311828,59.86774193548387,1.3870967741935485,25.10483870967742,0.4693548387096774,0,0.07508736559139785,4.042903225806452,0,1.330920698924731,20.950129032258065,-38.351290322580645,-11.340404569892472,1375.3129032258064,1.2,348.70336021505375,12.080645161290322
2024,4,0,32.8366,19.219366666666666,17.867,24.5468,58.71666666666667,1,19.361180555555556,0.41733333333333333,0,0.041694444444444444,3.976666666666667,0,1.2163958333333333,22.7003,-38.24673333333333,-15.625483333333333,1308.0333333333333,1.2,308.33715277777776,12.516666666666667
2024,5,288.4,29.37758064516129,19.465870967741935,18.057,22.785978494623656,23.4,1,6.22016129032258,0.3064516129032258,0,0.0228494623655914,3.475483870967742,0,1.0014448924731183,-6.4667419354838716,-38.09809677419355,-29.852692876344086,1020.8774193548387,1.2,199.7954301075269,12.370967741935484
2024,6,524.4,25.575633333333332,18.689799999999998,17.486,20.907166666666665,8.906666666666666,1,2.10875,0.6363333333333333,0,0.09083333333333334,4.245,0.13366666666666666,1.7090416666666666,-23.968799999999998,-38.56633333333333,-35.55391875,895.7,1.2,169.03680555555556,12.516666666666667
2024,7,963.41,23.012193548387096,18.14851612903226,16.677,19.79378629032258,2.1774193548387095,1,1.079502688172043,0.7132258064516129,0,0.09895833333333333,5.308387096774194,0.5193548387096774,2.2618212365591397,-33.49116129032258,-38.89348387096774,-37.67602889784946,632.4903225806452,1.2,116.88548387096775,12.290322580645162
2024,8,266.2,25.593645161290322,18.340225806451613,17.177,20.691353494623655,21.287096774193547,1,4.286626344086021,0.5183870967741936,0,0.10229838709677419,3.733225806451613,0.04870967741935484,1.4117809139784947,-11.511354838709677,-38.777741935483874,-33.19199798387097,781.7645161290322,1.2,154.88951612903227,12.209677419354838
2024,9,132.8,26.36006666666667,17.818366666666666,15.438,20.739800694444444,44.58,1,12.924305555555556,0.4846666666666667,0,0.06117361111111111,3.859,0.050333333333333334,1.2855069444444445,3.0241000000000007,-39.0935,-26.21237013888889,931.2833333333334,1.2,188.28854166666667,12.083333333333334
2024,10,414.22,26.716963929618768,17.970731713447844,16.701,20.708219014016898,48.051137026951544,2.681980868593772,12.195479126664106,0.1258747531270573,0,0.010351162474398361,2.6858517116524028,0.0035977616853192884,0.6450868084128812,7.044732206861239,-37.58399775985663,-26.41588385790024,841.4720465018852,1.2,149.2348505940744,11.7393956849602
2024,11,33.4,25.553134747474747,17.840210844155845,16.502,20.573640989357866,91.35761969696969,63.643360764790764,79.78574856556638,0.6214640022675737,0,0.11733171237244898,4.641363945578232,0.36515362811791385,2.178709047855253,18.20023056122449,12.309745803099018,15.084982071365584,914.0849206349206,1.2,178.09050193151757,11.60054834054834
2024,12,129,25.625645161290322,16.734645161290324,12.949,20.11757997311828,95.98635483870967,65.66367741935484,84.0809932795699,0.892258064516129,0,0.23828629032258064,4.822258064516129,0.4706451612903226,2.2406451612903227,19.16722580645161,14.637419354838709,17.171873655913977,857.9741935483871,1.2,159.6475806451613,11.419354838709678
2025,1,6.4,25.348741935483872,15.979612903225807,13.984,19.540389784946235,90.41222580645162,54.994,75.77247043010753,1.2987096774193547,0,0.41842069892473116,6.072903225806452,1.2016129032258065,3.3846370967741937,17.49893548387097,11.168290322580646,14.847198924731183,946.2,1.2,188.42278225806453,11.919354838709678
2025,2,0,28.352964285714286,16.295928571428572,14.215,21.501751488095238,79.34060714285714,36.40589285714286,54.62767633928571,1.5635714285714286,0,0.47366815476190477,6.741071428571429,0.5028571428571429,3.287001488095238,15.199214285714286,6.5355,11.264274553571429,1101.3785714285714,1.2,259.01436011904764,12
2025,3,53.6,29.892,17.819774193548387,15.287,22.65727755376344,95.1441935483871,43.592129032258065,73.4566001344086,1.0554838709677419,0,0.23035618279569892,5.179354838709678,0.09741935483870968,2.0216397849462364,19.703193548387098,13.096870967741935,16.890144489247312,1215.958064516129,1.2,288.3522177419355,11.983870967741936
2025,4,111.4,29.0292,18.571266666666666,17.483,22.434106944444444,98.54143333333333,59.478233333333336,85.36258680555555,0.519,0,0.04729166666666667,4.177666666666667,0,1.0953194444444445,21.656166666666667,17.452633333333335,19.56752986111111,1305.2,1.2,275.309375,12.45
2025,5,598.2,26.414483870967743,18.279225806451613,16.545,21.151185483870968,99.12283870967742,72.9873870967742,90.94489247311827,0.7132258064516129,0,0.14610215053763442,4.968064516129033,0.30806451612903224,1.8968951612903227,21.467,17.633032258064517,19.427145833333334,1022.4903225806452,1.2,209.57701612903227,12.435483870967742
2025,6,621.6,23.895133333333334,17.846800000000002,16.601,19.97805486111111,99.92583333333333,83.32776666666666,95.25827083333333,0.8213333333333334,0,0.20403472222222221,5.167666666666667,0.537,2.3416111111111113,21.004633333333334,17.665966666666666,19.12788125,844.6166666666667,1.2,161.3076388888889,12.483333333333333
2025,7,558.6,21.65625806451613,17.54858064516129,15.85,18.96736559139785,99.97951612903226,90.78177419354839,97.97667271505377,0.6980645161290323,0,0.11661962365591398,4.838709677419355,0.42161290322580647,2.1973521505376343,20.255612903225806,17.488387096774193,18.65068817204301,566.683870967742,1.2,98.84952956989247,12.225806451612904
2025,8,512.2,23.435193548387097,17.42306451612903,15.81,19.514199372759858,99.98774193548387,83.33661290322581,95.32947580645161,0.55,0,0.06203405017921147,4.204193548387097,0.2593548387096774,1.7180219534050178,20.47041935483871,17.28974193548387,18.680895833333334,821.2806451612903,1.2,163.65239695340503,12.209677419354838
2025,9,138.6,25.989772994227998,17.370916002886002,17.08415584415584,20.202331641789925,99.4029113997114,78.83377911255411,93.60859869678931,0.5306213151927438,0,0.06917117228835978,3.7457264739229026,0.12061366213151928,1.4270807734552153,125.31953535525322,117.6140602702192,123.10003036088278,831.8840909090909,1.2,163.57409023268397,12.069090909090908
2025,10,245.01,25.535195231112972,17.625240322580645,15.274,20.356756252036494,99.01832024158637,74.07671980170367,91.30400529633897,0.688333607636603,0,0.11772658593007096,4.337694206714944,0.21096774193548387,1.5754351649934166,45.28064842549924,39.00292095494112,42.478328846379505,971.115514592934,1.2,182.86527475940278,11.875750593492528
2025,11,63.4,24.517101976911977,16.755790396825397,13.496,19.703007829184703,97.46601093073593,71.26880070707071,87.22106594035594,0.6155498866213152,0,0.12701766817838248,4.660400793650794,0.4721831065759637,2.087245432374339,19.520392617157974,14.643931275510205,17.077963039336105,948.9514790764791,1.2,175.23594463985089,11.656686507936508
2025,12,44.4,24.919645161290322,15.695774193548386,11.697,19.109182123655913,93.59548387096774,60.93290322580645,80.63954771505377,0.9093548387096774,0,0.24991935483870967,5.211935483870968,0.7625806451612903,2.6025672043010752,18.165741935483872,12.174645161290323,15.4827311827957,1014.3451612903226,1.2,196.83340053763442,11.46774193548387
2026,1,5.4,24.31741935483871,15.393064516129032,13.577,18.879962589605736,90.788,60.83074193548387,77.31423812724015,0.9912903225806452,0,0.2959475806451613,5.4393548387096775,0.7632258064516129,2.8010483870967744,17.101193548387098,12.102516129032258,14.56393458781362,1043.8612903225808,1.2,210.57612007168458,11.935483870967742
