"site","plot_no","reading","light","canopy_openness","P_ID"
"Injipara",1,1,945,4,"Injipara_1"
"Injipara",1,2,984,10,"Injipara_1"
"Injipara",1,3,991,4,"Injipara_1"
"Injipara",1,4,1021,4,"Injipara_1"
"Injipara",2,1,54700,6,"Injipara_2"
"Injipara",2,2,6300,18,"Injipara_2"
"Injipara",2,3,4010,12,"Injipara_2"
"Injipara",2,4,12500,6,"Injipara_2"
"Injipara",3,1,3030,4,"Injipara_3"
"Injipara",3,2,3750,5,"Injipara_3"
"Injipara",3,3,10590,18,"Injipara_3"
"Injipara",3,4,1795,4,"Injipara_3"
"Injipara",4,1,3480,4,"Injipara_4"
"Injipara",4,2,2800,3,"Injipara_4"
"Injipara",4,3,22600,35,"Injipara_4"
"Injipara",4,4,16700,10,"Injipara_4"
"Injipara",5,1,15410,8,"Injipara_5"
"Injipara",5,2,7070,4,"Injipara_5"
"Injipara",5,3,13490,8,"Injipara_5"
"Injipara",5,4,250,4,"Injipara_5"
"Injipara",6,1,6680,12,"Injipara_6"
"Injipara",6,2,7690,16,"Injipara_6"
"Injipara",6,3,11070,24,"Injipara_6"
"Injipara",6,4,79200,10,"Injipara_6"
"Injipara",7,1,71500,45,"Injipara_7"
"Injipara",7,2,10200,30,"Injipara_7"
"Injipara",7,3,66900,10,"Injipara_7"
"Injipara",7,4,7910,23,"Injipara_7"
"Injipara",8,1,26600,5,"Injipara_8"
"Injipara",8,2,12260,16,"Injipara_8"
"Injipara",8,3,11400,4,"Injipara_8"
"Injipara",8,4,8240,4,"Injipara_8"
"Injipara",9,1,3320,5,"Injipara_9"
"Injipara",9,2,250,2,"Injipara_9"
"Injipara",9,3,1920,4,"Injipara_9"
"Injipara",9,4,5150,10,"Injipara_9"
"Injipara",10,1,31400,6,"Injipara_10"
"Injipara",10,2,7320,5,"Injipara_10"
"Injipara",10,3,3150,6,"Injipara_10"
"Injipara",10,4,2940,16,"Injipara_10"
"Injipara",11,1,1730,3,"Injipara_11"
"Injipara",11,2,2100,4,"Injipara_11"
"Injipara",11,3,5480,10,"Injipara_11"
"Injipara",11,4,7790,7,"Injipara_11"
"Injipara",12,1,16980,12,"Injipara_12"
"Injipara",12,2,8600,6,"Injipara_12"
"Injipara",12,3,18470,6,"Injipara_12"
"Injipara",12,4,12380,6,"Injipara_12"
"Injipara",13,1,10900,10,"Injipara_13"
"Injipara",13,2,4200,2,"Injipara_13"
"Injipara",13,3,7460,5,"Injipara_13"
"Injipara",13,4,11960,6,"Injipara_13"
"Injipara",14,1,3970,5,"Injipara_14"
"Injipara",14,2,5490,4,"Injipara_14"
"Injipara",14,3,7190,4,"Injipara_14"
"Injipara",14,4,4790,5,"Injipara_14"
"Injipara",15,1,4910,7,"Injipara_15"
"Injipara",15,2,13460,5,"Injipara_15"
"Injipara",15,3,5700,4,"Injipara_15"
"Injipara",15,4,3130,2,"Injipara_15"
"Injipara",16,1,50600,24,"Injipara_16"
"Injipara",16,2,84600,42,"Injipara_16"
"Injipara",16,3,10300,30,"Injipara_16"
"Injipara",16,4,19100,12,"Injipara_16"
"Injipara",17,1,21600,16,"Injipara_17"
"Injipara",17,2,158,25,"Injipara_17"
"Injipara",17,3,7100,17,"Injipara_17"
"Injipara",17,4,5600,15,"Injipara_17"
"Injipara",18,1,4020,4,"Injipara_18"
"Injipara",18,2,1319,10,"Injipara_18"
"Injipara",18,3,2400,7,"Injipara_18"
"Injipara",18,4,3190,4,"Injipara_18"
"Injipara",19,1,5580,22,"Injipara_19"
"Injipara",19,2,9050,4,"Injipara_19"
"Injipara",19,3,9890,8,"Injipara_19"
"Injipara",19,4,14920,12,"Injipara_19"
"Injipara",20,1,11940,18,"Injipara_20"
"Injipara",20,2,10490,25,"Injipara_20"
"Injipara",20,3,9490,8,"Injipara_20"
"Injipara",20,4,9180,9,"Injipara_20"
"Manamboli_Upper",1,1,1520,4,"Manamboli_Upper_1"
"Manamboli_Upper",1,2,450,3,"Manamboli_Upper_1"
"Manamboli_Upper",1,3,170,1,"Manamboli_Upper_1"
"Manamboli_Upper",1,4,430,2,"Manamboli_Upper_1"
"Manamboli_Upper",2,1,1130,6,"Manamboli_Upper_2"
"Manamboli_Upper",2,2,430,2,"Manamboli_Upper_2"
"Manamboli_Upper",2,3,4260,3,"Manamboli_Upper_2"
"Manamboli_Upper",2,4,930,3,"Manamboli_Upper_2"
"Manamboli_Upper",3,1,490,5,"Manamboli_Upper_3"
"Manamboli_Upper",3,2,720,5,"Manamboli_Upper_3"
"Manamboli_Upper",3,3,710,3,"Manamboli_Upper_3"
"Manamboli_Upper",3,4,480,5,"Manamboli_Upper_3"
"Manamboli_Upper",4,1,1480,3,"Manamboli_Upper_4"
"Manamboli_Upper",4,2,560,4,"Manamboli_Upper_4"
"Manamboli_Upper",4,3,490,2,"Manamboli_Upper_4"
"Manamboli_Upper",4,4,450,5,"Manamboli_Upper_4"
"Manamboli_Upper",5,1,930,8,"Manamboli_Upper_5"
"Manamboli_Upper",5,2,15670,5,"Manamboli_Upper_5"
"Manamboli_Upper",5,3,2840,2,"Manamboli_Upper_5"
"Manamboli_Upper",5,4,380,4,"Manamboli_Upper_5"
"Manamboli_Upper",6,1,810,2,"Manamboli_Upper_6"
"Manamboli_Upper",6,2,2500,3,"Manamboli_Upper_6"
"Manamboli_Upper",6,3,1640,5,"Manamboli_Upper_6"
"Manamboli_Upper",6,4,1390,10,"Manamboli_Upper_6"
"Manamboli_Upper",7,1,1050,7,"Manamboli_Upper_7"
"Manamboli_Upper",7,2,340,2,"Manamboli_Upper_7"
"Manamboli_Upper",7,3,450,6,"Manamboli_Upper_7"
"Manamboli_Upper",7,4,830,3,"Manamboli_Upper_7"
"Manamboli_Upper",8,1,1470,5,"Manamboli_Upper_8"
"Manamboli_Upper",8,2,1180,8,"Manamboli_Upper_8"
"Manamboli_Upper",8,3,870,4,"Manamboli_Upper_8"
"Manamboli_Upper",8,4,1100,4,"Manamboli_Upper_8"
"Manamboli_Upper",9,1,350,2,"Manamboli_Upper_9"
"Manamboli_Upper",9,2,670,6,"Manamboli_Upper_9"
"Manamboli_Upper",9,3,270,5,"Manamboli_Upper_9"
"Manamboli_Upper",9,4,440,2,"Manamboli_Upper_9"
"Manamboli_Upper",10,1,1180,7,"Manamboli_Upper_10"
"Manamboli_Upper",10,2,890,2,"Manamboli_Upper_10"
"Manamboli_Upper",10,3,930,4,"Manamboli_Upper_10"
"Manamboli_Upper",10,4,1160,4,"Manamboli_Upper_10"
"Manamboli_Upper",11,1,580,4,"Manamboli_Upper_11"
"Manamboli_Upper",11,2,480,3,"Manamboli_Upper_11"
"Manamboli_Upper",11,3,890,5,"Manamboli_Upper_11"
"Manamboli_Upper",11,4,404,5,"Manamboli_Upper_11"
"Manamboli_Upper",12,1,1340,4,"Manamboli_Upper_12"
"Manamboli_Upper",12,2,1250,3,"Manamboli_Upper_12"
"Manamboli_Upper",12,3,1850,5,"Manamboli_Upper_12"
"Manamboli_Upper",12,4,684,2,"Manamboli_Upper_12"
"Manamboli_Upper",13,1,454,3,"Manamboli_Upper_13"
"Manamboli_Upper",13,2,1973,9,"Manamboli_Upper_13"
"Manamboli_Upper",13,3,1510,5,"Manamboli_Upper_13"
"Manamboli_Upper",13,4,936,3,"Manamboli_Upper_13"
"Manamboli_Upper",14,1,"NA","NA","Manamboli_Upper_14"
"Manamboli_Upper",14,2,527,5,"Manamboli_Upper_14"
"Manamboli_Upper",14,3,1691,6,"Manamboli_Upper_14"
"Manamboli_Upper",14,4,620,4,"Manamboli_Upper_14"
"Manamboli_Upper",15,1,1175,6,"Manamboli_Upper_15"
"Manamboli_Upper",15,2,1414,5,"Manamboli_Upper_15"
"Manamboli_Upper",15,3,1720,5,"Manamboli_Upper_15"
"Manamboli_Upper",15,4,623,4,"Manamboli_Upper_15"
"Manamboli_Upper",16,1,878,2,"Manamboli_Upper_16"
"Manamboli_Upper",16,2,380,5,"Manamboli_Upper_16"
"Manamboli_Upper",16,3,3910,5,"Manamboli_Upper_16"
"Manamboli_Upper",16,4,1833,4,"Manamboli_Upper_16"
"Manamboli_Upper",17,1,405,4,"Manamboli_Upper_17"
"Manamboli_Upper",17,2,648,4,"Manamboli_Upper_17"
"Manamboli_Upper",17,3,894,5,"Manamboli_Upper_17"
"Manamboli_Upper",17,4,780,3,"Manamboli_Upper_17"
"Manamboli_Upper",18,1,1084,0,"Manamboli_Upper_18"
"Manamboli_Upper",18,2,2070,6,"Manamboli_Upper_18"
"Manamboli_Upper",18,3,1455,7,"Manamboli_Upper_18"
"Manamboli_Upper",18,4,1397,7,"Manamboli_Upper_18"
"Manamboli_Upper",19,1,1225,4,"Manamboli_Upper_19"
"Manamboli_Upper",19,2,1356,7,"Manamboli_Upper_19"
"Manamboli_Upper",19,3,3190,6,"Manamboli_Upper_19"
"Manamboli_Upper",19,4,712,4,"Manamboli_Upper_19"
"Manamboli_Upper",20,1,816,4,"Manamboli_Upper_20"
"Manamboli_Upper",20,2,3940,3,"Manamboli_Upper_20"
"Manamboli_Upper",20,3,954,5,"Manamboli_Upper_20"
"Manamboli_Upper",20,4,1411,4,"Manamboli_Upper_20"
"Manamboli_Upper",21,1,1150,4,"Manamboli_Upper_21"
"Manamboli_Upper",21,2,1134,4,"Manamboli_Upper_21"
"Manamboli_Upper",21,3,1084,6,"Manamboli_Upper_21"
"Manamboli_Upper",21,4,1872,9,"Manamboli_Upper_21"
"Manamboli_Upper",22,1,525,6,"Manamboli_Upper_22"
"Manamboli_Upper",22,2,1060,6,"Manamboli_Upper_22"
"Manamboli_Upper",22,3,1488,1,"Manamboli_Upper_22"
"Manamboli_Upper",22,4,1826,2,"Manamboli_Upper_22"
"Manamboli_Upper",23,1,690,2,"Manamboli_Upper_23"
"Manamboli_Upper",23,2,595,4,"Manamboli_Upper_23"
"Manamboli_Upper",23,3,358,6,"Manamboli_Upper_23"
"Manamboli_Upper",23,4,272,3,"Manamboli_Upper_23"
"Manamboli_Upper",24,1,1056,8,"Manamboli_Upper_24"
"Manamboli_Upper",24,2,348,8,"Manamboli_Upper_24"
"Manamboli_Upper",24,3,94.6,6,"Manamboli_Upper_24"
"Manamboli_Upper",24,4,88.6,10,"Manamboli_Upper_24"
"Manamboli_Upper",25,1,56.1,4,"Manamboli_Upper_25"
"Manamboli_Upper",25,2,90.4,3,"Manamboli_Upper_25"
"Manamboli_Upper",25,3,178,3,"Manamboli_Upper_25"
"Manamboli_Upper",25,4,238,4,"Manamboli_Upper_25"
"Old_Valparai",1,1,680,4,"Old_Valparai_1"
"Old_Valparai",1,2,5360,46,"Old_Valparai_1"
"Old_Valparai",1,3,700,5,"Old_Valparai_1"
"Old_Valparai",1,4,630,2,"Old_Valparai_1"
"Old_Valparai",2,1,3480,3,"Old_Valparai_2"
"Old_Valparai",2,2,4940,5,"Old_Valparai_2"
"Old_Valparai",2,3,3410,2,"Old_Valparai_2"
"Old_Valparai",2,4,4730,2,"Old_Valparai_2"
"Old_Valparai",3,1,3580,7,"Old_Valparai_3"
"Old_Valparai",3,2,5350,4,"Old_Valparai_3"
"Old_Valparai",3,3,1450,6,"Old_Valparai_3"
"Old_Valparai",3,4,6850,4,"Old_Valparai_3"
"Old_Valparai",4,1,11820,8,"Old_Valparai_4"
"Old_Valparai",4,2,5610,1,"Old_Valparai_4"
"Old_Valparai",4,3,1790,4,"Old_Valparai_4"
"Old_Valparai",4,4,2870,5,"Old_Valparai_4"
"Old_Valparai",5,1,785,2,"Old_Valparai_5"
"Old_Valparai",5,2,780,2,"Old_Valparai_5"
"Old_Valparai",5,3,803,4,"Old_Valparai_5"
"Old_Valparai",5,4,1410,2,"Old_Valparai_5"
"Old_Valparai",6,1,810,4,"Old_Valparai_6"
"Old_Valparai",6,2,930,2,"Old_Valparai_6"
"Old_Valparai",6,3,1890,3,"Old_Valparai_6"
"Old_Valparai",6,4,1780,3,"Old_Valparai_6"
"Old_Valparai",7,1,380,3,"Old_Valparai_7"
"Old_Valparai",7,2,570,2,"Old_Valparai_7"
"Old_Valparai",7,3,560,6,"Old_Valparai_7"
"Old_Valparai",7,4,770,6,"Old_Valparai_7"
"Old_Valparai",8,1,1610,5,"Old_Valparai_8"
"Old_Valparai",8,2,840,2,"Old_Valparai_8"
"Old_Valparai",8,3,520,3,"Old_Valparai_8"
"Old_Valparai",8,4,1050,4,"Old_Valparai_8"
"Old_Valparai",9,1,490,2,"Old_Valparai_9"
"Old_Valparai",9,2,1790,2,"Old_Valparai_9"
"Old_Valparai",9,3,1270,5,"Old_Valparai_9"
"Old_Valparai",9,4,1950,2,"Old_Valparai_9"
"Old_Valparai",10,1,4410,4,"Old_Valparai_10"
"Old_Valparai",10,2,760,5,"Old_Valparai_10"
"Old_Valparai",10,3,2050,6,"Old_Valparai_10"
"Old_Valparai",10,4,20300,9,"Old_Valparai_10"
"Old_Valparai",11,1,3530,4,"Old_Valparai_11"
"Old_Valparai",11,2,122600,10,"Old_Valparai_11"
"Old_Valparai",11,3,2850,3,"Old_Valparai_11"
"Old_Valparai",11,4,1020,5,"Old_Valparai_11"
"Old_Valparai",12,1,1240,4,"Old_Valparai_12"
"Old_Valparai",12,2,1330,2,"Old_Valparai_12"
"Old_Valparai",12,3,180,2,"Old_Valparai_12"
"Old_Valparai",12,4,1090,1,"Old_Valparai_12"
"Old_Valparai",13,1,2190,5,"Old_Valparai_13"
"Old_Valparai",13,2,3140,2,"Old_Valparai_13"
"Old_Valparai",13,3,5480,4,"Old_Valparai_13"
"Old_Valparai",13,4,5920,4,"Old_Valparai_13"
"Old_Valparai",14,1,1520,2,"Old_Valparai_14"
"Old_Valparai",14,2,1760,5,"Old_Valparai_14"
"Old_Valparai",14,3,980,4,"Old_Valparai_14"
"Old_Valparai",14,4,1860,5,"Old_Valparai_14"
"Old_Valparai",15,1,670,5,"Old_Valparai_15"
"Old_Valparai",15,2,2160,1,"Old_Valparai_15"
"Old_Valparai",15,3,360,2,"Old_Valparai_15"
"Old_Valparai",15,4,3210,3,"Old_Valparai_15"
"Old_Valparai",16,1,916,20,"Old_Valparai_16"
"Old_Valparai",16,2,776,4,"Old_Valparai_16"
"Old_Valparai",16,3,737,3,"Old_Valparai_16"
"Old_Valparai",16,4,1426,5,"Old_Valparai_16"
"Old_Valparai",17,1,1307,6,"Old_Valparai_17"
"Old_Valparai",17,2,1394,4,"Old_Valparai_17"
"Old_Valparai",17,3,5750,16,"Old_Valparai_17"
"Old_Valparai",17,4,873,6,"Old_Valparai_17"
"Old_Valparai",18,1,1016,1,"Old_Valparai_18"
"Old_Valparai",18,2,1873,5,"Old_Valparai_18"
"Old_Valparai",18,3,2690,4,"Old_Valparai_18"
"Old_Valparai",18,4,1073,5,"Old_Valparai_18"
"Old_Valparai",19,1,661,5,"Old_Valparai_19"
"Old_Valparai",19,2,609,4,"Old_Valparai_19"
"Old_Valparai",19,3,1394,12,"Old_Valparai_19"
"Old_Valparai",19,4,1938,2,"Old_Valparai_19"
"Old_Valparai",20,1,405,4,"Old_Valparai_20"
"Old_Valparai",20,2,921,4,"Old_Valparai_20"
"Old_Valparai",20,3,5690,7,"Old_Valparai_20"
"Old_Valparai",20,4,325,2,"Old_Valparai_20"
"Iyerpadi_Akkamalai",1,1,661,3,"Iyerpadi_Akkamalai_1"
"Iyerpadi_Akkamalai",1,2,761,11,"Iyerpadi_Akkamalai_1"
"Iyerpadi_Akkamalai",1,3,537,7,"Iyerpadi_Akkamalai_1"
"Iyerpadi_Akkamalai",1,4,247,4,"Iyerpadi_Akkamalai_1"
"Iyerpadi_Akkamalai",2,1,2250,3,"Iyerpadi_Akkamalai_2"
"Iyerpadi_Akkamalai",2,2,2750,8,"Iyerpadi_Akkamalai_2"
"Iyerpadi_Akkamalai",2,3,1630,5,"Iyerpadi_Akkamalai_2"
"Iyerpadi_Akkamalai",2,4,1053,5,"Iyerpadi_Akkamalai_2"
"Iyerpadi_Akkamalai",3,1,433,7,"Iyerpadi_Akkamalai_3"
"Iyerpadi_Akkamalai",3,2,477,10,"Iyerpadi_Akkamalai_3"
"Iyerpadi_Akkamalai",3,3,596,12,"Iyerpadi_Akkamalai_3"
"Iyerpadi_Akkamalai",3,4,397,2,"Iyerpadi_Akkamalai_3"
"Iyerpadi_Akkamalai",4,1,251,9,"Iyerpadi_Akkamalai_4"
"Iyerpadi_Akkamalai",4,2,95,10,"Iyerpadi_Akkamalai_4"
"Iyerpadi_Akkamalai",4,3,265,10,"Iyerpadi_Akkamalai_4"
"Iyerpadi_Akkamalai",4,4,290,4,"Iyerpadi_Akkamalai_4"
"Iyerpadi_Akkamalai",5,1,99,1,"Iyerpadi_Akkamalai_5"
"Iyerpadi_Akkamalai",5,2,192,5,"Iyerpadi_Akkamalai_5"
"Iyerpadi_Akkamalai",5,3,131,5,"Iyerpadi_Akkamalai_5"
"Iyerpadi_Akkamalai",5,4,84,12,"Iyerpadi_Akkamalai_5"
"Iyerpadi_Akkamalai",6,1,148,5,"Iyerpadi_Akkamalai_6"
"Iyerpadi_Akkamalai",6,2,381,14,"Iyerpadi_Akkamalai_6"
"Iyerpadi_Akkamalai",6,3,178,8,"Iyerpadi_Akkamalai_6"
"Iyerpadi_Akkamalai",6,4,339,5,"Iyerpadi_Akkamalai_6"
"Iyerpadi_Akkamalai",7,1,2410,6,"Iyerpadi_Akkamalai_7"
"Iyerpadi_Akkamalai",7,2,2610,8,"Iyerpadi_Akkamalai_7"
"Iyerpadi_Akkamalai",7,3,13660,24,"Iyerpadi_Akkamalai_7"
"Iyerpadi_Akkamalai",7,4,2050,4,"Iyerpadi_Akkamalai_7"
"Iyerpadi_Akkamalai",8,1,700,4,"Iyerpadi_Akkamalai_8"
"Iyerpadi_Akkamalai",8,2,468,8,"Iyerpadi_Akkamalai_8"
"Iyerpadi_Akkamalai",8,3,279,5,"Iyerpadi_Akkamalai_8"
"Iyerpadi_Akkamalai",8,4,355,10,"Iyerpadi_Akkamalai_8"
"Iyerpadi_Akkamalai",9,1,223,6,"Iyerpadi_Akkamalai_9"
"Iyerpadi_Akkamalai",9,2,279,12,"Iyerpadi_Akkamalai_9"
"Iyerpadi_Akkamalai",9,3,518,10,"Iyerpadi_Akkamalai_9"
"Iyerpadi_Akkamalai",9,4,180,8,"Iyerpadi_Akkamalai_9"
"Iyerpadi_Akkamalai",10,1,266,4,"Iyerpadi_Akkamalai_10"
"Iyerpadi_Akkamalai",10,2,1019,4,"Iyerpadi_Akkamalai_10"
"Iyerpadi_Akkamalai",10,3,522,4,"Iyerpadi_Akkamalai_10"
"Iyerpadi_Akkamalai",10,4,356,8,"Iyerpadi_Akkamalai_10"
"Iyerpadi_Akkamalai",11,1,557,5,"Iyerpadi_Akkamalai_11"
"Iyerpadi_Akkamalai",11,2,992,8,"Iyerpadi_Akkamalai_11"
"Iyerpadi_Akkamalai",11,3,3580,10,"Iyerpadi_Akkamalai_11"
"Iyerpadi_Akkamalai",11,4,195,2,"Iyerpadi_Akkamalai_11"
"Iyerpadi_Akkamalai",12,1,154,2,"Iyerpadi_Akkamalai_12"
"Iyerpadi_Akkamalai",12,2,1569,12,"Iyerpadi_Akkamalai_12"
"Iyerpadi_Akkamalai",12,3,274,7,"Iyerpadi_Akkamalai_12"
"Iyerpadi_Akkamalai",12,4,133,2,"Iyerpadi_Akkamalai_12"
"Iyerpadi_Akkamalai",13,1,135,2,"Iyerpadi_Akkamalai_13"
"Iyerpadi_Akkamalai",13,2,328,2,"Iyerpadi_Akkamalai_13"
"Iyerpadi_Akkamalai",13,3,821,2,"Iyerpadi_Akkamalai_13"
"Iyerpadi_Akkamalai",13,4,813,3,"Iyerpadi_Akkamalai_13"
"Iyerpadi_Akkamalai",14,1,572,4,"Iyerpadi_Akkamalai_14"
"Iyerpadi_Akkamalai",14,2,669,3,"Iyerpadi_Akkamalai_14"
"Iyerpadi_Akkamalai",14,3,426,6,"Iyerpadi_Akkamalai_14"
"Iyerpadi_Akkamalai",14,4,397,3,"Iyerpadi_Akkamalai_14"
"Iyerpadi_Akkamalai",15,1,1884,2,"Iyerpadi_Akkamalai_15"
"Iyerpadi_Akkamalai",15,2,1224,4,"Iyerpadi_Akkamalai_15"
"Iyerpadi_Akkamalai",15,3,645,1,"Iyerpadi_Akkamalai_15"
"Iyerpadi_Akkamalai",15,4,1926,9,"Iyerpadi_Akkamalai_15"
"Iyerpadi_Akkamalai",16,1,444,4,"Iyerpadi_Akkamalai_16"
"Iyerpadi_Akkamalai",16,2,1016,5,"Iyerpadi_Akkamalai_16"
"Iyerpadi_Akkamalai",16,3,159,2,"Iyerpadi_Akkamalai_16"
"Iyerpadi_Akkamalai",16,4,506,1,"Iyerpadi_Akkamalai_16"
"Iyerpadi_Akkamalai",17,1,304,2,"Iyerpadi_Akkamalai_17"
"Iyerpadi_Akkamalai",17,2,374,2,"Iyerpadi_Akkamalai_17"
"Iyerpadi_Akkamalai",17,3,364,5,"Iyerpadi_Akkamalai_17"
"Iyerpadi_Akkamalai",17,4,169,3,"Iyerpadi_Akkamalai_17"
"Iyerpadi_Akkamalai",18,1,1028,8,"Iyerpadi_Akkamalai_18"
"Iyerpadi_Akkamalai",18,2,542,4,"Iyerpadi_Akkamalai_18"
"Iyerpadi_Akkamalai",18,3,1280,7,"Iyerpadi_Akkamalai_18"
"Iyerpadi_Akkamalai",18,4,352,10,"Iyerpadi_Akkamalai_18"
"Iyerpadi_Akkamalai",19,1,"NA","NA","Iyerpadi_Akkamalai_19"
"Iyerpadi_Akkamalai",19,2,2570,5,"Iyerpadi_Akkamalai_19"
"Iyerpadi_Akkamalai",19,3,1700,5,"Iyerpadi_Akkamalai_19"
"Iyerpadi_Akkamalai",19,4,1042,7,"Iyerpadi_Akkamalai_19"
"Iyerpadi_Akkamalai",20,1,1070,5,"Iyerpadi_Akkamalai_20"
"Iyerpadi_Akkamalai",20,2,242,7,"Iyerpadi_Akkamalai_20"
"Iyerpadi_Akkamalai",20,3,702,4,"Iyerpadi_Akkamalai_20"
"Iyerpadi_Akkamalai",20,4,154,8,"Iyerpadi_Akkamalai_20"
"Iyerpadi_Akkamalai",21,1,1030,3,"Iyerpadi_Akkamalai_21"
"Iyerpadi_Akkamalai",21,2,596,3,"Iyerpadi_Akkamalai_21"
"Iyerpadi_Akkamalai",21,3,449,9,"Iyerpadi_Akkamalai_21"
"Iyerpadi_Akkamalai",21,4,290,6,"Iyerpadi_Akkamalai_21"
"Iyerpadi_Akkamalai",22,1,750,12,"Iyerpadi_Akkamalai_22"
"Iyerpadi_Akkamalai",22,2,661,4,"Iyerpadi_Akkamalai_22"
"Iyerpadi_Akkamalai",22,3,1019,7,"Iyerpadi_Akkamalai_22"
"Iyerpadi_Akkamalai",22,4,752,12,"Iyerpadi_Akkamalai_22"
"Iyerpadi_Akkamalai",23,1,1990,5,"Iyerpadi_Akkamalai_23"
"Iyerpadi_Akkamalai",23,2,557,4,"Iyerpadi_Akkamalai_23"
"Iyerpadi_Akkamalai",23,3,512,3,"Iyerpadi_Akkamalai_23"
"Iyerpadi_Akkamalai",23,4,536,3,"Iyerpadi_Akkamalai_23"
"Iyerpadi_Akkamalai",24,1,649,6,"Iyerpadi_Akkamalai_24"
"Iyerpadi_Akkamalai",24,2,363,7,"Iyerpadi_Akkamalai_24"
"Iyerpadi_Akkamalai",24,3,632,5,"Iyerpadi_Akkamalai_24"
"Iyerpadi_Akkamalai",24,4,1071,8,"Iyerpadi_Akkamalai_24"
"Iyerpadi_Akkamalai",25,1,2380,6,"Iyerpadi_Akkamalai_25"
"Iyerpadi_Akkamalai",25,2,662,5,"Iyerpadi_Akkamalai_25"
"Iyerpadi_Akkamalai",25,3,529,10,"Iyerpadi_Akkamalai_25"
"Iyerpadi_Akkamalai",25,4,783,7,"Iyerpadi_Akkamalai_25"
"Manamboli_Lower",1,1,178,10,"Manamboli_Lower_1"
"Manamboli_Lower",1,2,97,2,"Manamboli_Lower_1"
"Manamboli_Lower",1,3,284,2,"Manamboli_Lower_1"
"Manamboli_Lower",1,4,718,5,"Manamboli_Lower_1"
"Manamboli_Lower",2,1,1230,4,"Manamboli_Lower_2"
"Manamboli_Lower",2,2,2050,6,"Manamboli_Lower_2"
"Manamboli_Lower",2,3,2670,2,"Manamboli_Lower_2"
"Manamboli_Lower",2,4,620,4,"Manamboli_Lower_2"
"Manamboli_Lower",3,1,1030,8,"Manamboli_Lower_3"
"Manamboli_Lower",3,2,880,4,"Manamboli_Lower_3"
"Manamboli_Lower",3,3,280,2,"Manamboli_Lower_3"
"Manamboli_Lower",3,4,285,2,"Manamboli_Lower_3"
"Manamboli_Lower",4,1,452,3,"Manamboli_Lower_4"
"Manamboli_Lower",4,2,1229,3,"Manamboli_Lower_4"
"Manamboli_Lower",4,3,860,3,"Manamboli_Lower_4"
"Manamboli_Lower",4,4,610,2,"Manamboli_Lower_4"
"Manamboli_Lower",5,1,1420,2,"Manamboli_Lower_5"
"Manamboli_Lower",5,2,969,4,"Manamboli_Lower_5"
"Manamboli_Lower",5,3,1321,5,"Manamboli_Lower_5"
"Manamboli_Lower",5,4,1580,3,"Manamboli_Lower_5"
"Manamboli_Lower",6,1,696,4,"Manamboli_Lower_6"
"Manamboli_Lower",6,2,515,2,"Manamboli_Lower_6"
"Manamboli_Lower",6,3,504,1,"Manamboli_Lower_6"
"Manamboli_Lower",6,4,702,3,"Manamboli_Lower_6"
"Manamboli_Lower",7,1,734,4,"Manamboli_Lower_7"
"Manamboli_Lower",7,2,505,6,"Manamboli_Lower_7"
"Manamboli_Lower",7,3,2090,1,"Manamboli_Lower_7"
"Manamboli_Lower",7,4,878,1,"Manamboli_Lower_7"
"Manamboli_Lower",8,1,538,4,"Manamboli_Lower_8"
"Manamboli_Lower",8,2,951,2,"Manamboli_Lower_8"
"Manamboli_Lower",8,3,3080,4,"Manamboli_Lower_8"
"Manamboli_Lower",8,4,653,6,"Manamboli_Lower_8"
"Manamboli_Lower",9,1,747,2,"Manamboli_Lower_9"
"Manamboli_Lower",9,2,397,7,"Manamboli_Lower_9"
"Manamboli_Lower",9,3,603,2,"Manamboli_Lower_9"
"Manamboli_Lower",9,4,593,3,"Manamboli_Lower_9"
"Manamboli_Lower",10,1,923,6,"Manamboli_Lower_10"
"Manamboli_Lower",10,2,884,4,"Manamboli_Lower_10"
"Manamboli_Lower",10,3,1165,6,"Manamboli_Lower_10"
"Manamboli_Lower",10,4,723,6,"Manamboli_Lower_10"
"Manamboli_Lower",11,1,470,2,"Manamboli_Lower_11"
"Manamboli_Lower",11,2,536,4,"Manamboli_Lower_11"
"Manamboli_Lower",11,3,303,2,"Manamboli_Lower_11"
"Manamboli_Lower",11,4,425,2,"Manamboli_Lower_11"
"Manamboli_Lower",12,1,676,2,"Manamboli_Lower_12"
"Manamboli_Lower",12,2,481,4,"Manamboli_Lower_12"
"Manamboli_Lower",12,3,711,4,"Manamboli_Lower_12"
"Manamboli_Lower",12,4,562,5,"Manamboli_Lower_12"
"Manamboli_Lower",13,1,13740,6,"Manamboli_Lower_13"
"Manamboli_Lower",13,2,665,5,"Manamboli_Lower_13"
"Manamboli_Lower",13,3,980,4,"Manamboli_Lower_13"
"Manamboli_Lower",13,4,731,8,"Manamboli_Lower_13"
"Manamboli_Lower",14,1,1103,4,"Manamboli_Lower_14"
"Manamboli_Lower",14,2,780,4,"Manamboli_Lower_14"
"Manamboli_Lower",14,3,548,5,"Manamboli_Lower_14"
"Manamboli_Lower",14,4,1242,6,"Manamboli_Lower_14"
"Manamboli_Lower",15,1,1676,8,"Manamboli_Lower_15"
"Manamboli_Lower",15,2,18590,8,"Manamboli_Lower_15"
"Manamboli_Lower",15,3,441,6,"Manamboli_Lower_15"
"Manamboli_Lower",15,4,502,4,"Manamboli_Lower_15"
"Manamboli_Lower",16,1,879,4,"Manamboli_Lower_16"
"Manamboli_Lower",16,2,633,5,"Manamboli_Lower_16"
"Manamboli_Lower",16,3,919,3,"Manamboli_Lower_16"
"Manamboli_Lower",16,4,1378,3,"Manamboli_Lower_16"
"Manamboli_Lower",17,1,536,5,"Manamboli_Lower_17"
"Manamboli_Lower",17,2,1239,5,"Manamboli_Lower_17"
"Manamboli_Lower",17,3,1995,12,"Manamboli_Lower_17"
"Manamboli_Lower",17,4,867,6,"Manamboli_Lower_17"
"Manamboli_Lower",18,1,822,1,"Manamboli_Lower_18"
"Manamboli_Lower",18,2,1127,7,"Manamboli_Lower_18"
"Manamboli_Lower",18,3,1171,4,"Manamboli_Lower_18"
"Manamboli_Lower",18,4,833,5,"Manamboli_Lower_18"
"Manamboli_Lower",19,1,879,6,"Manamboli_Lower_19"
"Manamboli_Lower",19,2,796,10,"Manamboli_Lower_19"
"Manamboli_Lower",19,3,1470,8,"Manamboli_Lower_19"
"Manamboli_Lower",19,4,633,3,"Manamboli_Lower_19"
"Manamboli_Lower",20,1,1775,4,"Manamboli_Lower_20"
"Manamboli_Lower",20,2,1861,4,"Manamboli_Lower_20"
"Manamboli_Lower",20,3,2060,4,"Manamboli_Lower_20"
"Manamboli_Lower",20,4,1333,5,"Manamboli_Lower_20"
